freq_Hz,woofer_mag_dB,woofer_phase_deg,mid_mag_dB,mid_phase_deg,tweeter_mag_dB,tweeter_phase_deg,sum_mag_dB,sum_phase_deg
15.000,-0.0009,-16.2594,-80.0009,161.5306,-149.2241,177.7900,-0.0017,-16.2592
15.090,-0.0009,-16.3579,-79.7924,161.4188,-149.0156,177.7767,-0.0018,-16.3577
15.181,-0.0009,-16.4570,-79.5839,161.3063,-148.8071,177.7633,-0.0018,-16.4568
15.272,-0.0009,-16.5568,-79.3754,161.1931,-148.5986,177.7498,-0.0019,-16.5565
15.364,-0.0010,-16.6571,-79.1669,161.0792,-148.3901,177.7363,-0.0019,-16.6569
15.457,-0.0010,-16.7581,-78.9585,160.9646,-148.1816,177.7227,-0.0020,-16.7578
15.550,-0.0010,-16.8596,-78.7500,160.8493,-147.9731,177.7090,-0.0020,-16.8594
15.644,-0.0010,-16.9618,-78.5415,160.7333,-147.7646,177.6952,-0.0021,-16.9616
15.738,-0.0011,-17.0647,-78.3330,160.6166,-147.5561,177.6813,-0.0021,-17.0644
15.832,-0.0011,-17.1681,-78.1246,160.4992,-147.3476,177.6673,-0.0022,-17.1678
15.928,-0.0011,-17.2722,-77.9161,160.3811,-147.1391,177.6533,-0.0022,-17.2719
16.024,-0.0011,-17.3770,-77.7076,160.2622,-146.9306,177.6392,-0.0023,-17.3767
16.120,-0.0012,-17.4824,-77.4991,160.1426,-146.7221,177.6250,-0.0023,-17.4820
16.217,-0.0012,-17.5884,-77.2906,160.0223,-146.5136,177.6107,-0.0024,-17.5881
16.315,-0.0012,-17.6951,-77.0822,159.9012,-146.3051,177.5963,-0.0024,-17.6947
16.413,-0.0012,-17.8024,-76.8737,159.7794,-146.0966,177.5818,-0.0025,-17.8021
16.512,-0.0013,-17.9104,-76.6652,159.6568,-145.8881,177.5672,-0.0025,-17.9101
16.611,-0.0013,-18.0191,-76.4568,159.5335,-145.6796,177.5526,-0.0026,-18.0187
16.711,-0.0013,-18.1284,-76.2483,159.4094,-145.4711,177.5379,-0.0027,-18.1281
16.812,-0.0014,-18.2385,-76.0398,159.2846,-145.2626,177.5230,-0.0027,-18.2381
16.913,-0.0014,-18.3491,-75.8313,159.1590,-145.0541,177.5081,-0.0028,-18.3487
17.015,-0.0014,-18.4605,-75.6229,159.0326,-144.8456,177.4931,-0.0029,-18.4601
17.117,-0.0015,-18.5726,-75.4144,158.9055,-144.6370,177.4780,-0.0029,-18.5722
17.220,-0.0015,-18.6853,-75.2059,158.7775,-144.4285,177.4628,-0.0030,-18.6849
17.324,-0.0015,-18.7988,-74.9975,158.6488,-144.2200,177.4476,-0.0031,-18.7983
17.428,-0.0016,-18.9129,-74.7890,158.5193,-144.0115,177.4322,-0.0032,-18.9125
17.533,-0.0016,-19.0278,-74.5805,158.3890,-143.8030,177.4167,-0.0032,-19.0273
17.638,-0.0017,-19.1433,-74.3721,158.2579,-143.5945,177.4012,-0.0033,-19.1428
17.745,-0.0017,-19.2596,-74.1636,158.1259,-143.3860,177.3856,-0.0034,-19.2591
17.851,-0.0017,-19.3766,-73.9552,157.9932,-143.1775,177.3698,-0.0035,-19.3761
17.959,-0.0018,-19.4943,-73.7467,157.8596,-142.9690,177.3540,-0.0036,-19.4938
18.067,-0.0018,-19.6128,-73.5382,157.7253,-142.7605,177.3380,-0.0037,-19.6122
18.176,-0.0019,-19.7320,-73.3298,157.5901,-142.5520,177.3220,-0.0037,-19.7314
18.285,-0.0019,-19.8519,-73.1213,157.4540,-142.3435,177.3059,-0.0038,-19.8513
18.395,-0.0020,-19.9725,-72.9129,157.3171,-142.1350,177.2897,-0.0039,-19.9719
18.506,-0.0020,-20.0940,-72.7044,157.1794,-141.9265,177.2734,-0.0040,-20.0933
18.617,-0.0021,-20.2161,-72.4960,157.0408,-141.7180,177.2569,-0.0041,-20.2155
18.729,-0.0021,-20.3390,-72.2875,156.9014,-141.5095,177.2404,-0.0042,-20.3384
18.842,-0.0022,-20.4627,-72.0790,156.7611,-141.3010,177.2238,-0.0043,-20.4620
18.956,-0.0022,-20.5872,-71.8706,156.6200,-141.0925,177.2071,-0.0044,-20.5864
19.070,-0.0023,-20.7124,-71.6621,156.4779,-140.8840,177.1903,-0.0045,-20.7116
19.184,-0.0023,-20.8384,-71.4537,156.3350,-140.6755,177.1734,-0.0046,-20.8376
19.300,-0.0024,-20.9651,-71.2453,156.1912,-140.4670,177.1564,-0.0048,-20.9644
19.416,-0.0024,-21.0927,-71.0368,156.0465,-140.2585,177.1392,-0.0049,-21.0919
19.533,-0.0025,-21.2211,-70.8284,155.9010,-140.0500,177.1220,-0.0050,-21.2202
19.651,-0.0026,-21.3502,-70.6199,155.7545,-139.8415,177.1047,-0.0051,-21.3494
19.769,-0.0026,-21.4802,-70.4115,155.6071,-139.6330,177.0873,-0.0052,-21.4793
19.888,-0.0027,-21.6109,-70.2030,155.4588,-139.4245,177.0697,-0.0054,-21.6100
20.008,-0.0027,-21.7425,-69.9946,155.3096,-139.2160,177.0521,-0.0055,-21.7416
20.128,-0.0028,-21.8749,-69.7862,155.1594,-139.0075,177.0343,-0.0056,-21.8739
20.249,-0.0029,-22.0081,-69.5777,155.0083,-138.7990,177.0165,-0.0058,-22.0071
20.371,-0.0030,-22.1422,-69.3693,154.8563,-138.5905,176.9985,-0.0059,-22.1412
20.494,-0.0030,-22.2771,-69.1609,154.7034,-138.3820,176.9804,-0.0060,-22.2760
20.617,-0.0031,-22.4128,-68.9524,154.5495,-138.1735,176.9623,-0.0062,-22.4117
20.741,-0.0032,-22.5494,-68.7440,154.3946,-137.9650,176.9440,-0.0063,-22.5482
20.866,-0.0033,-22.6868,-68.5356,154.2388,-137.7565,176.9256,-0.0065,-22.6856
20.991,-0.0033,-22.8251,-68.3272,154.0820,-137.5479,176.9071,-0.0067,-22.8239
21.118,-0.0034,-22.9642,-68.1187,153.9242,-137.3394,176.8884,-0.0068,-22.9630
21.245,-0.0035,-23.1042,-67.9103,153.7655,-137.1309,176.8697,-0.0070,-23.1030
21.373,-0.0036,-23.2451,-67.7019,153.6057,-136.9224,176.8509,-0.0072,-23.2438
21.501,-0.0037,-23.3869,-67.4935,153.4450,-136.7139,176.8319,-0.0073,-23.3855
21.631,-0.0038,-23.5295,-67.2851,153.2833,-136.5054,176.8128,-0.0075,-23.5282
21.761,-0.0038,-23.6731,-67.0767,153.1206,-136.2969,176.7936,-0.0077,-23.6717
21.892,-0.0039,-23.8175,-66.8683,152.9568,-136.0884,176.7743,-0.0079,-23.8161
22.024,-0.0040,-23.9629,-66.6598,152.7920,-135.8799,176.7549,-0.0081,-23.9614
22.156,-0.0041,-24.1091,-66.4514,152.6262,-135.6714,176.7354,-0.0083,-24.1076
22.290,-0.0042,-24.2563,-66.2430,152.4594,-135.4629,176.7157,-0.0085,-24.2547
22.424,-0.0043,-24.4044,-66.0346,152.2915,-135.2544,176.6959,-0.0087,-24.4028
22.559,-0.0044,-24.5534,-65.8262,152.1226,-135.0459,176.6760,-0.0089,-24.5517
22.695,-0.0046,-24.7034,-65.6178,151.9526,-134.8374,176.6560,-0.0091,-24.7017
22.831,-0.0047,-24.8543,-65.4095,151.7816,-134.6289,176.6359,-0.0093,-24.8525
22.969,-0.0048,-25.0062,-65.2011,151.6095,-134.4204,176.6156,-0.0095,-25.0043
23.107,-0.0049,-25.1590,-64.9927,151.4363,-134.2119,176.5953,-0.0098,-25.1571
23.246,-0.0050,-25.3127,-64.7843,151.2620,-134.0034,176.5748,-0.0100,-25.3108
23.386,-0.0051,-25.4675,-64.5759,151.0867,-133.7949,176.5541,-0.0103,-25.4654
23.527,-0.0053,-25.6232,-64.3675,150.9102,-133.5864,176.5334,-0.0105,-25.6211
23.668,-0.0054,-25.7799,-64.1592,150.7327,-133.3779,176.5125,-0.0108,-25.7777
23.811,-0.0055,-25.9375,-63.9508,150.5540,-133.1694,176.4915,-0.0110,-25.9353
23.954,-0.0056,-26.0962,-63.7424,150.3742,-132.9609,176.4704,-0.0113,-26.0939
24.098,-0.0058,-26.2559,-63.5340,150.1933,-132.7524,176.4491,-0.0116,-26.2535
24.243,-0.0059,-26.4165,-63.3257,150.0112,-132.5439,176.4278,-0.0118,-26.4141
24.389,-0.0061,-26.5782,-63.1173,149.8280,-132.3354,176.4063,-0.0121,-26.5757
24.536,-0.0062,-26.7409,-62.9090,149.6437,-132.1269,176.3846,-0.0124,-26.7384
24.684,-0.0064,-26.9047,-62.7006,149.4582,-131.9184,176.3629,-0.0127,-26.9020
24.832,-0.0065,-27.0694,-62.4923,149.2715,-131.7099,176.3410,-0.0130,-27.0667
24.982,-0.0067,-27.2353,-62.2839,149.0837,-131.5014,176.3189,-0.0134,-27.2324
25.132,-0.0068,-27.4021,-62.0756,148.8946,-131.2929,176.2968,-0.0137,-27.3992
25.284,-0.0070,-27.5700,-61.8672,148.7044,-131.0844,176.2745,-0.0140,-27.5670
25.436,-0.0072,-27.7390,-61.6589,148.5130,-130.8759,176.2520,-0.0144,-27.7359
25.589,-0.0074,-27.9091,-61.4506,148.3204,-130.6673,176.2295,-0.0147,-27.9059
25.743,-0.0075,-28.0802,-61.2423,148.1265,-130.4588,176.2068,-0.0151,-28.0769
25.898,-0.0077,-28.2524,-61.0339,147.9315,-130.2503,176.1839,-0.0154,-28.2490
26.054,-0.0079,-28.4257,-60.8256,147.7352,-130.0418,176.1609,-0.0158,-28.4222
26.211,-0.0081,-28.6001,-60.6173,147.5377,-129.8333,176.1378,-0.0162,-28.5966
26.368,-0.0083,-28.7757,-60.4090,147.3389,-129.6248,176.1146,-0.0166,-28.7720
26.527,-0.0085,-28.9523,-60.2007,147.1389,-129.4163,176.0912,-0.0170,-28.9485
26.687,-0.0087,-29.1301,-59.9924,146.9376,-129.2078,176.0676,-0.0174,-29.1261
26.847,-0.0089,-29.3089,-59.7841,146.7350,-128.9993,176.0439,-0.0178,-29.3049
27.009,-0.0091,-29.4890,-59.5758,146.5311,-128.7908,176.0201,-0.0182,-29.4848
27.172,-0.0093,-29.6702,-59.3676,146.3260,-128.5823,175.9962,-0.0187,-29.6659
27.335,-0.0096,-29.8525,-59.1593,146.1196,-128.3738,175.9720,-0.0191,-29.8481
27.500,-0.0098,-30.0360,-58.9510,145.9118,-128.1653,175.9478,-0.0196,-30.0314
27.665,-0.0100,-30.2207,-58.7427,145.7027,-127.9568,175.9234,-0.0201,-30.2159
27.832,-0.0103,-30.4065,-58.5345,145.4923,-127.7483,175.8988,-0.0206,-30.4016
27.999,-0.0105,-30.5935,-58.3262,145.2806,-127.5398,175.8741,-0.0211,-30.5885
28.168,-0.0108,-30.7818,-58.1180,145.0675,-127.3313,175.8493,-0.0216,-30.7766
28.337,-0.0111,-30.9712,-57.9097,144.8531,-127.1228,175.8243,-0.0221,-30.9659
28.508,-0.0113,-31.1619,-57.7015,144.6373,-126.9143,175.7992,-0.0226,-31.1564
28.679,-0.0116,-31.3537,-57.4933,144.4201,-126.7058,175.7739,-0.0232,-31.3481
28.852,-0.0119,-31.5468,-57.2851,144.2016,-126.4973,175.7484,-0.0237,-31.5410
29.026,-0.0122,-31.7412,-57.0768,143.9816,-126.2888,175.7228,-0.0243,-31.7352
29.200,-0.0125,-31.9368,-56.8686,143.7603,-126.0803,175.6971,-0.0249,-31.9306
29.376,-0.0128,-32.1336,-56.6604,143.5375,-125.8718,175.6711,-0.0255,-32.1272
29.553,-0.0131,-32.3317,-56.4522,143.3134,-125.6633,175.6451,-0.0261,-32.3252
29.731,-0.0134,-32.5311,-56.2441,143.0877,-125.4548,175.6188,-0.0268,-32.5243
29.910,-0.0137,-32.7318,-56.0359,142.8607,-125.2463,175.5925,-0.0274,-32.7248
30.090,-0.0141,-32.9337,-55.8277,142.6322,-125.0378,175.5659,-0.0281,-32.9266
30.271,-0.0144,-33.1370,-55.6195,142.4022,-124.8293,175.5392,-0.0288,-33.1296
30.453,-0.0147,-33.3416,-55.4114,142.1708,-124.6208,175.5123,-0.0295,-33.3340
30.637,-0.0151,-33.5475,-55.2032,141.9379,-124.4123,175.4853,-0.0302,-33.5396
30.821,-0.0155,-33.7547,-54.9951,141.7034,-124.2038,175.4581,-0.0309,-33.7466
31.006,-0.0158,-33.9633,-54.7870,141.4675,-123.9953,175.4308,-0.0317,-33.9549
31.193,-0.0162,-34.1732,-54.5789,141.2301,-123.7868,175.4033,-0.0324,-34.1646
31.381,-0.0166,-34.3845,-54.3708,140.9911,-123.5783,175.3756,-0.0332,-34.3756
31.570,-0.0170,-34.5971,-54.1627,140.7506,-123.3697,175.3477,-0.0340,-34.5880
31.760,-0.0174,-34.8111,-53.9546,140.5086,-123.1612,175.3197,-0.0349,-34.8017
31.951,-0.0179,-35.0265,-53.7465,140.2650,-122.9527,175.2915,-0.0357,-35.0169
32.143,-0.0183,-35.2433,-53.5384,140.0198,-122.7442,175.2632,-0.0366,-35.2334
32.337,-0.0187,-35.4616,-53.3304,139.7731,-122.5357,175.2346,-0.0375,-35.4513
32.531,-0.0192,-35.6812,-53.1223,139.5247,-122.3272,175.2059,-0.0384,-35.6706
32.727,-0.0197,-35.9023,-52.9143,139.2748,-122.1187,175.1771,-0.0393,-35.8914
32.924,-0.0201,-36.1248,-52.7063,139.0232,-121.9102,175.1480,-0.0403,-36.1135
33.122,-0.0206,-36.3487,-52.4982,138.7700,-121.7017,175.1188,-0.0412,-36.3372
33.322,-0.0211,-36.5742,-52.2902,138.5152,-121.4932,175.0894,-0.0422,-36.5622
33.522,-0.0216,-36.8011,-52.0822,138.2588,-121.2847,175.0598,-0.0433,-36.7887
33.724,-0.0222,-37.0294,-51.8743,138.0006,-121.0762,175.0301,-0.0443,-37.0167
33.927,-0.0227,-37.2593,-51.6663,137.7408,-120.8677,175.0001,-0.0454,-37.2462
34.131,-0.0233,-37.4907,-51.4583,137.4793,-120.6592,174.9700,-0.0465,-37.4772
34.337,-0.0238,-37.7236,-51.2504,137.2162,-120.4507,174.9397,-0.0476,-37.7097
34.543,-0.0244,-37.9580,-51.0425,136.9513,-120.2422,174.9092,-0.0488,-37.9437
34.751,-0.0250,-38.1939,-50.8346,136.6846,-120.0337,174.8786,-0.0500,-38.1792
34.961,-0.0256,-38.4314,-50.6267,136.4163,-119.8252,174.8477,-0.0512,-38.4162
35.171,-0.0262,-38.6705,-50.4188,136.1462,-119.6167,174.8167,-0.0524,-38.6548
35.383,-0.0268,-38.9111,-50.2109,135.8744,-119.4082,174.7855,-0.0537,-38.8950
35.596,-0.0275,-39.1533,-50.0031,135.6007,-119.1997,174.7541,-0.0550,-39.1367
35.810,-0.0282,-39.3972,-49.7952,135.3253,-118.9912,174.7225,-0.0563,-39.3800
36.025,-0.0289,-39.6426,-49.5874,135.0481,-118.7827,174.6907,-0.0577,-39.6249
36.242,-0.0296,-39.8896,-49.3796,134.7691,-118.5742,174.6587,-0.0591,-39.8714
36.460,-0.0303,-40.1383,-49.1718,134.4882,-118.3657,174.6265,-0.0605,-40.1195
36.680,-0.0310,-40.3886,-48.9641,134.2056,-118.1572,174.5942,-0.0620,-40.3693
36.901,-0.0318,-40.6406,-48.7563,133.9210,-117.9487,174.5616,-0.0635,-40.6206
37.123,-0.0325,-40.8942,-48.5486,133.6346,-117.7402,174.5288,-0.0650,-40.8737
37.346,-0.0333,-41.1495,-48.3409,133.3464,-117.5317,174.4959,-0.0666,-41.1284
37.571,-0.0341,-41.4065,-48.1332,133.0562,-117.3232,174.4627,-0.0682,-41.3847
37.797,-0.0349,-41.6652,-47.9255,132.7641,-117.1147,174.4294,-0.0699,-41.6428
38.025,-0.0358,-41.9257,-47.7178,132.4701,-116.9062,174.3958,-0.0716,-41.9025
38.254,-0.0367,-42.1878,-47.5102,132.1742,-116.6977,174.3620,-0.0733,-42.1640
38.484,-0.0376,-42.4518,-47.3026,131.8763,-116.4892,174.3281,-0.0751,-42.4272
38.715,-0.0385,-42.7174,-47.0950,131.5765,-116.2807,174.2939,-0.0769,-42.6921
38.949,-0.0394,-42.9849,-46.8874,131.2747,-116.0722,174.2595,-0.0788,-42.9588
39.183,-0.0403,-43.2541,-46.6799,130.9709,-115.8636,174.2250,-0.0807,-43.2272
39.419,-0.0413,-43.5251,-46.4724,130.6650,-115.6551,174.1902,-0.0826,-43.4974
39.656,-0.0423,-43.7980,-46.2649,130.3572,-115.4466,174.1552,-0.0847,-43.7694
39.895,-0.0434,-44.0726,-46.0574,130.0473,-115.2381,174.1199,-0.0867,-44.0432
40.135,-0.0444,-44.3491,-45.8499,129.7354,-115.0296,174.0845,-0.0888,-44.3188
40.377,-0.0455,-44.6275,-45.6425,129.4214,-114.8211,174.0489,-0.0910,-44.5962
40.620,-0.0466,-44.9077,-45.4351,129.1053,-114.6126,174.0130,-0.0932,-44.8755
40.864,-0.0477,-45.1898,-45.2277,128.7872,-114.4041,173.9770,-0.0954,-45.1566
41.110,-0.0489,-45.4738,-45.0204,128.4669,-114.1956,173.9407,-0.0977,-45.4396
41.357,-0.0501,-45.7597,-44.8131,128.1445,-113.9871,173.9042,-0.1001,-45.7244
41.606,-0.0513,-46.0475,-44.6058,127.8199,-113.7786,173.8674,-0.1025,-46.0112
41.857,-0.0525,-46.3373,-44.3985,127.4932,-113.5701,173.8305,-0.1050,-46.2998
42.109,-0.0538,-46.6291,-44.1913,127.1643,-113.3616,173.7933,-0.1076,-46.5904
42.362,-0.0551,-46.9228,-43.9841,126.8332,-113.1531,173.7559,-0.1102,-46.8829
42.617,-0.0564,-47.2184,-43.7769,126.4999,-112.9446,173.7183,-0.1129,-47.1774
42.874,-0.0578,-47.5161,-43.5698,126.1643,-112.7361,173.6804,-0.1156,-47.4738
43.132,-0.0592,-47.8158,-43.3627,125.8265,-112.5276,173.6424,-0.1184,-47.7722
43.391,-0.0606,-48.1176,-43.1556,125.4865,-112.3191,173.6041,-0.1213,-48.0726
43.653,-0.0621,-48.4213,-42.9486,125.1442,-112.1106,173.5655,-0.1242,-48.3750
43.915,-0.0636,-48.7272,-42.7416,124.7996,-111.9021,173.5268,-0.1272,-48.6795
44.180,-0.0651,-49.0351,-42.5346,124.4526,-111.6936,173.4877,-0.1303,-48.9859
44.446,-0.0667,-49.3451,-42.3277,124.1034,-111.4851,173.4485,-0.1335,-49.2944
44.713,-0.0683,-49.6572,-42.1208,123.7518,-111.2766,173.4090,-0.1367,-49.6050
44.982,-0.0700,-49.9715,-41.9139,123.3978,-111.0681,173.3693,-0.1400,-49.9177
45.253,-0.0717,-50.2879,-41.7071,123.0415,-110.8596,173.3294,-0.1434,-50.2324
45.525,-0.0734,-50.6065,-41.5004,122.6827,-110.6511,173.2892,-0.1469,-50.5493
45.800,-0.0752,-50.9272,-41.2936,122.3215,-110.4426,173.2487,-0.1505,-50.8683
46.075,-0.0770,-51.2501,-41.0869,121.9579,-110.2341,173.2080,-0.1541,-51.1894
46.353,-0.0788,-51.5753,-40.8803,121.5918,-110.0256,173.1671,-0.1579,-51.5127
46.632,-0.0808,-51.9026,-40.6737,121.2233,-109.8171,173.1259,-0.1617,-51.8381
46.912,-0.0827,-52.2323,-40.4672,120.8522,-109.6086,173.0845,-0.1656,-52.1658
47.195,-0.0847,-52.5641,-40.2607,120.4787,-109.4001,173.0428,-0.1696,-52.4956
47.479,-0.0868,-52.8983,-40.0542,120.1026,-109.1916,173.0009,-0.1737,-52.8277
47.764,-0.0888,-53.2347,-39.8478,119.7240,-108.9831,172.9587,-0.1779,-53.1619
48.052,-0.0910,-53.5735,-39.6414,119.3427,-108.7746,172.9163,-0.1823,-53.4985
48.341,-0.0932,-53.9146,-39.4351,118.9589,-108.5661,172.8736,-0.1867,-53.8373
48.632,-0.0954,-54.2581,-39.2289,118.5725,-108.3576,172.8306,-0.1912,-54.1784
48.925,-0.0978,-54.6039,-39.0227,118.1835,-108.1491,172.7874,-0.1958,-54.5218
49.219,-0.1001,-54.9522,-38.8166,117.7918,-107.9406,172.7439,-0.2006,-54.8675
49.516,-0.1025,-55.3028,-38.6105,117.3974,-107.7321,172.7002,-0.2055,-55.2155
49.814,-0.1050,-55.6559,-38.4044,117.0004,-107.5236,172.6562,-0.2104,-55.5659
50.114,-0.1075,-56.0114,-38.1985,116.6006,-107.3150,172.6119,-0.2155,-55.9186
50.415,-0.1101,-56.3693,-37.9926,116.1981,-107.1065,172.5674,-0.2208,-56.2737
50.719,-0.1128,-56.7298,-37.7867,115.7928,-106.8980,172.5226,-0.2261,-56.6312
51.024,-0.1155,-57.0927,-37.5809,115.3848,-106.6895,172.4775,-0.2316,-56.9912
51.331,-0.1183,-57.4582,-37.3752,114.9740,-106.4810,172.4322,-0.2372,-57.3535
51.640,-0.1212,-57.8263,-37.1696,114.5603,-106.2725,172.3866,-0.2430,-57.7183
51.951,-0.1241,-58.1969,-36.9640,114.1438,-106.0640,172.3407,-0.2488,-58.0856
52.264,-0.1271,-58.5700,-36.7585,113.7245,-105.8555,172.2945,-0.2549,-58.4554
52.578,-0.1301,-58.9458,-36.5531,113.3023,-105.6470,172.2481,-0.2611,-58.8276
52.895,-0.1333,-59.3242,-36.3477,112.8771,-105.4385,172.2013,-0.2674,-59.2024
53.213,-0.1365,-59.7052,-36.1424,112.4491,-105.2300,172.1543,-0.2739,-59.5797
53.533,-0.1398,-60.0890,-35.9372,112.0181,-105.0215,172.1070,-0.2805,-59.9595
53.856,-0.1431,-60.4754,-35.7321,111.5841,-104.8130,172.0594,-0.2873,-60.3419
54.180,-0.1466,-60.8645,-35.5270,111.1471,-104.6045,172.0116,-0.2943,-60.7269
54.506,-0.1501,-61.2563,-35.3220,110.7071,-104.3960,171.9634,-0.3014,-61.1145
54.834,-0.1537,-61.6509,-35.1171,110.2641,-104.1875,171.9149,-0.3087,-61.5047
55.164,-0.1574,-62.0482,-34.9123,109.8180,-103.9790,171.8662,-0.3162,-61.8975
55.496,-0.1612,-62.4483,-34.7076,109.3688,-103.7705,171.8171,-0.3238,-62.2930
55.830,-0.1651,-62.8513,-34.5030,108.9165,-103.5620,171.7678,-0.3317,-62.6911
56.166,-0.1691,-63.2571,-34.2985,108.4611,-103.3535,171.7182,-0.3397,-63.0920
56.504,-0.1732,-63.6657,-34.0941,108.0025,-103.1450,171.6682,-0.3479,-63.4955
56.844,-0.1773,-64.0772,-33.8897,107.5408,-102.9365,171.6180,-0.3564,-63.9017
57.186,-0.1816,-64.4917,-33.6855,107.0758,-102.7280,171.5675,-0.3650,-64.3107
57.531,-0.1859,-64.9090,-33.4813,106.6076,-102.5195,171.5166,-0.3739,-64.7225
57.877,-0.1904,-65.3293,-33.2773,106.1362,-102.3110,171.4654,-0.3829,-65.1370
58.225,-0.1950,-65.7525,-33.0734,105.6614,-102.1025,171.4140,-0.3922,-65.5543
58.576,-0.1997,-66.1788,-32.8696,105.1834,-101.8940,171.3622,-0.4017,-65.9744
58.928,-0.2045,-66.6080,-32.6659,104.7021,-101.6855,171.3101,-0.4114,-66.3973
59.283,-0.2094,-67.0403,-32.4623,104.2174,-101.4770,171.2577,-0.4214,-66.8231
59.640,-0.2144,-67.4757,-32.2588,103.7293,-101.2685,171.2050,-0.4316,-67.2517
59.999,-0.2195,-67.9141,-32.0554,103.2378,-101.0600,171.1519,-0.4420,-67.6831
60.360,-0.2248,-68.3557,-31.8522,102.7429,-100.8515,171.0986,-0.4527,-68.1175
60.723,-0.2302,-68.8003,-31.6491,102.2445,-100.6430,171.0449,-0.4637,-68.5548
61.089,-0.2357,-69.2482,-31.4461,101.7427,-100.4345,170.9909,-0.4749,-68.9950
61.457,-0.2414,-69.6992,-31.2432,101.2374,-100.2260,170.9365,-0.4864,-69.4381
61.827,-0.2471,-70.1534,-31.0405,100.7285,-100.0175,170.8819,-0.4982,-69.8841
62.199,-0.2531,-70.6108,-30.8379,100.2161,-99.8090,170.8269,-0.5103,-70.3332
62.573,-0.2591,-71.0714,-30.6355,99.7001,-99.6005,170.7715,-0.5226,-70.7852
62.950,-0.2653,-71.5354,-30.4332,99.1805,-99.3920,170.7159,-0.5353,-71.2402
63.329,-0.2717,-72.0026,-30.2310,98.6572,-99.1835,170.6599,-0.5483,-71.6982
63.710,-0.2782,-72.4732,-30.0290,98.1304,-98.9750,170.6035,-0.5615,-72.1592
64.093,-0.2848,-72.9470,-29.8272,97.5998,-98.7665,170.5468,-0.5751,-72.6233
64.479,-0.2916,-73.4243,-29.6255,97.0655,-98.5580,170.4898,-0.5890,-73.0905
64.867,-0.2986,-73.9050,-29.4240,96.5275,-98.3495,170.4324,-0.6033,-73.5607
65.258,-0.3057,-74.3890,-29.2226,95.9857,-98.1410,170.3747,-0.6179,-74.0340
65.650,-0.3130,-74.8765,-29.0214,95.4401,-97.9325,170.3166,-0.6329,-74.5103
66.046,-0.3205,-75.3675,-28.8203,94.8907,-97.7240,170.2582,-0.6482,-74.9898
66.443,-0.3281,-75.8620,-28.6195,94.3375,-97.5155,170.1994,-0.6639,-75.4724
66.843,-0.3359,-76.3599,-28.4188,93.7804,-97.3070,170.1403,-0.6799,-75.9582
67.245,-0.3439,-76.8614,-28.2183,93.2193,-97.0985,170.0808,-0.6964,-76.4471
67.650,-0.3521,-77.3665,-28.0180,92.6544,-96.8900,170.0209,-0.7133,-76.9391
68.057,-0.3605,-77.8752,-27.8179,92.0855,-96.6815,169.9607,-0.7305,-77.4343
68.467,-0.3691,-78.3874,-27.6179,91.5127,-96.4730,169.9001,-0.7482,-77.9327
68.879,-0.3779,-78.9033,-27.4182,90.9358,-96.2645,169.8392,-0.7663,-78.4343
69.294,-0.3868,-79.4229,-27.2187,90.3549,-96.0560,169.7779,-0.7849,-78.9390
69.711,-0.3960,-79.9462,-27.0194,89.7700,-95.8475,169.7162,-0.8038,-79.4470
70.131,-0.4054,-80.4731,-26.8203,89.1810,-95.6390,169.6541,-0.8233,-79.9582
70.553,-0.4150,-81.0038,-26.6214,88.5878,-95.4305,169.5916,-0.8432,-80.4726
70.977,-0.4249,-81.5382,-26.4227,87.9906,-95.2220,169.5288,-0.8636,-80.9902
71.405,-0.4349,-82.0765,-26.2243,87.3891,-95.0135,169.4656,-0.8845,-81.5111
71.834,-0.4452,-82.6185,-26.0261,86.7835,-94.8050,169.4020,-0.9059,-82.0352
72.267,-0.4558,-83.1644,-25.8282,86.1737,-94.5965,169.3381,-0.9278,-82.5625
72.702,-0.4666,-83.7141,-25.6304,85.5596,-94.3880,169.2737,-0.9503,-83.0931
73.139,-0.4776,-84.2677,-25.4330,84.9412,-94.1795,169.2089,-0.9733,-83.6269
73.580,-0.4889,-84.8252,-25.2358,84.3186,-93.9710,169.1438,-0.9968,-84.1640
74.022,-0.5004,-85.3866,-25.0388,83.6916,-93.7625,169.0783,-1.0210,-84.7043
74.468,-0.5122,-85.9520,-24.8421,83.0603,-93.5540,169.0123,-1.0457,-85.2479
74.916,-0.5243,-86.5213,-24.6457,82.4246,-93.3455,168.9460,-1.0710,-85.7947
75.367,-0.5367,-87.0947,-24.4495,81.7846,-93.1370,168.8792,-1.0969,-86.3448
75.821,-0.5493,-87.6720,-24.2537,81.1401,-92.9285,168.8121,-1.1234,-86.8981
76.277,-0.5622,-88.2534,-24.0581,80.4911,-92.7200,168.7445,-1.1506,-87.4547
76.736,-0.5754,-88.8389,-23.8628,79.8377,-92.5115,168.6766,-1.1784,-88.0145
77.198,-0.5889,-89.4284,-23.6678,79.1798,-92.3030,168.6082,-1.2069,-88.5775
77.663,-0.6028,-90.0221,-23.4732,78.5173,-92.0945,168.5394,-1.2361,-89.1437
78.130,-0.6169,-90.6198,-23.2788,77.8503,-91.8860,168.4702,-1.2660,-89.7131
78.601,-0.6314,-91.2218,-23.0848,77.1788,-91.6775,168.4005,-1.2966,-90.2857
79.074,-0.6461,-91.8279,-22.8910,76.5026,-91.4690,168.3305,-1.3280,-90.8615
79.550,-0.6613,-92.4381,-22.6977,75.8219,-91.2605,168.2600,-1.3601,-91.4405
80.029,-0.6767,-93.0526,-22.5046,75.1364,-91.0520,168.1891,-1.3931,-92.0226
80.510,-0.6925,-93.6714,-22.3119,74.4464,-90.8435,168.1177,-1.4268,-92.6078
80.995,-0.7087,-94.2943,-22.1196,73.7516,-90.6350,168.0460,-1.4613,-93.1961
81.482,-0.7252,-94.9216,-21.9276,73.0522,-90.4265,167.9737,-1.4966,-93.7875
81.973,-0.7421,-95.5531,-21.7360,72.3480,-90.2180,167.9011,-1.5328,-94.3820
82.466,-0.7593,-96.1890,-21.5448,71.6390,-90.0095,167.8280,-1.5699,-94.9795
82.963,-0.7770,-96.8291,-21.3539,70.9253,-89.8010,167.7545,-1.6079,-95.5799
83.462,-0.7950,-97.4736,-21.1635,70.2068,-89.5925,167.6805,-1.6468,-96.1834
83.965,-0.8135,-98.1225,-20.9734,69.4835,-89.3840,167.6060,-1.6867,-96.7897
84.470,-0.8323,-98.7757,-20.7837,68.7554,-89.1756,167.5311,-1.7275,-97.3990
84.978,-0.8516,-99.4334,-20.5945,68.0224,-88.9671,167.4558,-1.7693,-98.0111
85.490,-0.8713,-100.0954,-20.4057,67.2846,-88.7586,167.3800,-1.8121,-98.6259
86.004,-0.8914,-100.7618,-20.2173,66.5419,-88.5501,167.3037,-1.8560,-99.2436
86.522,-0.9119,-101.4327,-20.0294,65.7943,-88.3416,167.2270,-1.9010,-99.8639
87.043,-0.9329,-102.1080,-19.8419,65.0417,-88.1331,167.1498,-1.9470,-100.4869
87.567,-0.9544,-102.7878,-19.6549,64.2843,-87.9246,167.0721,-1.9941,-101.1125
88.094,-0.9763,-103.4721,-19.4683,63.5219,-87.7161,166.9940,-2.0424,-101.7406
88.624,-0.9987,-104.1608,-19.2822,62.7545,-87.5076,166.9153,-2.0919,-102.3711
89.158,-1.0216,-104.8541,-19.0966,61.9822,-87.2991,166.8362,-2.1426,-103.0040
89.694,-1.0450,-105.5518,-18.9115,61.2049,-87.0906,166.7567,-2.1945,-103.6392
90.234,-1.0689,-106.2540,-18.7269,60.4226,-86.8821,166.6766,-2.2476,-104.2767
90.777,-1.0933,-106.9608,-18.5428,59.6353,-86.6736,166.5960,-2.3021,-104.9163
91.324,-1.1182,-107.6721,-18.3592,58.8429,-86.4651,166.5150,-2.3579,-105.5579
91.873,-1.1437,-108.3879,-18.1762,58.0456,-86.2566,166.4334,-2.4151,-106.2015
92.426,-1.1697,-109.1082,-17.9937,57.2432,-86.0481,166.3514,-2.4736,-106.8469
92.983,-1.1962,-109.8331,-17.8118,56.4358,-85.8396,166.2689,-2.5336,-107.4941
93.542,-1.2233,-110.5625,-17.6304,55.6233,-85.6312,166.1858,-2.5951,-108.1428
94.106,-1.2510,-111.2965,-17.4496,54.8058,-85.4227,166.1023,-2.6581,-108.7931
94.672,-1.2793,-112.0350,-17.2693,53.9832,-85.2142,166.0182,-2.7226,-109.4447
95.242,-1.3081,-112.7780,-17.0897,53.1556,-85.0057,165.9336,-2.7887,-110.0976
95.815,-1.3376,-113.5256,-16.9106,52.3229,-84.7972,165.8485,-2.8564,-110.7515
96.392,-1.3676,-114.2777,-16.7322,51.4852,-84.5887,165.7629,-2.9258,-111.4063
96.972,-1.3983,-115.0344,-16.5544,50.6424,-84.3802,165.6768,-2.9969,-112.0619
97.556,-1.4297,-115.7956,-16.3773,49.7945,-84.1717,165.5901,-3.0697,-112.7180
98.143,-1.4616,-116.5613,-16.2007,48.9416,-83.9632,165.5030,-3.1444,-113.3746
98.734,-1.4942,-117.3315,-16.0249,48.0837,-83.7547,165.4152,-3.2209,-114.0313
99.328,-1.5275,-118.1063,-15.8497,47.2207,-83.5462,165.3270,-3.2993,-114.6880
99.926,-1.5615,-118.8855,-15.6751,46.3526,-83.3378,165.2382,-3.3796,-115.3444
100.527,-1.5961,-119.6693,-15.5013,45.4796,-83.1293,165.1488,-3.4619,-116.0004
101.132,-1.6315,-120.4575,-15.3282,44.6015,-82.9208,165.0589,-3.5463,-116.6556
101.741,-1.6676,-121.2501,-15.1557,43.7184,-82.7123,164.9685,-3.6328,-117.3098
102.354,-1.7043,-122.0472,-14.9840,42.8303,-82.5038,164.8775,-3.7214,-117.9628
102.970,-1.7419,-122.8487,-14.8131,41.9372,-82.2953,164.7860,-3.8122,-118.6141
103.590,-1.7801,-123.6547,-14.6428,41.0392,-82.0868,164.6939,-3.9054,-119.2636
104.213,-1.8191,-124.4650,-14.4734,40.1362,-81.8783,164.6012,-4.0008,-119.9108
104.840,-1.8589,-125.2797,-14.3047,39.2282,-81.6699,164.5079,-4.0986,-120.5554
105.471,-1.8995,-126.0987,-14.1367,38.3154,-81.4614,164.4141,-4.1989,-121.1970
106.106,-1.9408,-126.9221,-13.9696,37.3977,-81.2529,164.3197,-4.3017,-121.8352
106.745,-1.9830,-127.7497,-13.8033,36.4751,-81.0444,164.2248,-4.4072,-122.4696
107.387,-2.0260,-128.5816,-13.6378,35.5476,-80.8359,164.1292,-4.5152,-123.0998
108.034,-2.0698,-129.4177,-13.4731,34.6154,-80.6274,164.0331,-4.6260,-123.7251
108.684,-2.1144,-130.2581,-13.3092,33.6783,-80.4190,163.9364,-4.7397,-124.3452
109.338,-2.1599,-131.1026,-13.1462,32.7365,-80.2105,163.8391,-4.8562,-124.9593
109.996,-2.2062,-131.9512,-12.9841,31.7900,-80.0020,163.7411,-4.9756,-125.5671
110.659,-2.2534,-132.8039,-12.8228,30.8387,-79.7935,163.6426,-5.0982,-126.1677
111.325,-2.3015,-133.6607,-12.6624,29.8828,-79.5850,163.5435,-5.2238,-126.7606
111.995,-2.3505,-134.5215,-12.5029,28.9223,-79.3765,163.4438,-5.3527,-127.3449
112.669,-2.4004,-135.3863,-12.3443,27.9572,-79.1681,163.3434,-5.4848,-127.9200
113.347,-2.4512,-136.2550,-12.1866,26.9875,-78.9596,163.2425,-5.6204,-128.4850
114.029,-2.5029,-137.1275,-12.0299,26.0134,-78.7511,163.1409,-5.7594,-129.0389
114.716,-2.5556,-138.0040,-11.8741,25.0348,-78.5426,163.0387,-5.9021,-129.5809
115.406,-2.6092,-138.8842,-11.7192,24.0517,-78.3341,162.9359,-6.0484,-130.1098
116.101,-2.6638,-139.7681,-11.5653,23.0643,-78.1257,162.8324,-6.1985,-130.6247
116.800,-2.7193,-140.6557,-11.4124,22.0726,-77.9172,162.7283,-6.3524,-131.1242
117.503,-2.7759,-141.5470,-11.2605,21.0766,-77.7087,162.6236,-6.5103,-131.6071
118.210,-2.8334,-142.4418,-11.1095,20.0764,-77.5002,162.5182,-6.6723,-132.0720
118.922,-2.8919,-143.3402,-10.9596,19.0720,-77.2918,162.4122,-6.8385,-132.5174
119.637,-2.9515,-144.2419,-10.8107,18.0635,-77.0833,162.3055,-7.0090,-132.9417
120.357,-3.0121,-145.1471,-10.6628,17.0510,-76.8748,162.1982,-7.1838,-133.3431
121.082,-3.0737,-146.0556,-10.5159,16.0345,-76.6663,162.0902,-7.3631,-133.7198
121.811,-3.1364,-146.9674,-10.3701,15.0141,-76.4579,161.9815,-7.5470,-134.0697
122.544,-3.2001,-147.8824,-10.2254,13.9898,-76.2494,161.8721,-7.7355,-134.3906
123.282,-3.2649,-148.8004,-10.0817,12.9617,-76.0409,161.7621,-7.9288,-134.6801
124.024,-3.3307,-149.7216,-9.9391,11.9299,-75.8325,161.6515,-8.1269,-134.9356
124.770,-3.3977,-150.6457,-9.7976,10.8944,-75.6240,161.5401,-8.3299,-135.1542
125.521,-3.4657,-151.5727,-9.6572,9.8553,-75.4155,161.4280,-8.5379,-135.3330
126.277,-3.5349,-152.5026,-9.5178,8.8127,-75.2071,161.3153,-8.7508,-135.4686
127.037,-3.6052,-153.4352,-9.3796,7.7667,-74.9986,161.2018,-8.9686,-135.5574
127.801,-3.6766,-154.3704,-9.2426,6.7173,-74.7901,161.0877,-9.1914,-135.5955
128.571,-3.7491,-155.3083,-9.1066,5.6646,-74.5817,160.9728,-9.4192,-135.5788
129.345,-3.8227,-156.2486,-8.9718,4.6086,-74.3732,160.8573,-9.6517,-135.5026
130.123,-3.8976,-157.1914,-8.8382,3.5496,-74.1647,160.7410,-9.8889,-135.3621
130.906,-3.9735,-158.1366,-8.7057,2.4875,-73.9563,160.6240,-10.1305,-135.1520
131.694,-4.0506,-159.0839,-8.5743,1.4224,-73.7478,160.5063,-10.3763,-134.8667
132.487,-4.1289,-160.0335,-8.4442,0.3544,-73.5394,160.3879,-10.6259,-134.5001
133.285,-4.2084,-160.9851,-8.3152,-0.7164,-73.3309,160.2687,-10.8787,-134.0459
134.087,-4.2891,-161.9387,-8.1874,-1.7899,-73.1224,160.1488,-11.1343,-133.4975
134.894,-4.3709,-162.8941,-8.0608,-2.8660,-72.9140,160.0281,-11.3918,-132.8478
135.706,-4.4540,-163.8514,-7.9354,-3.9447,-72.7055,159.9067,-11.6503,-132.0898
136.523,-4.5382,-164.8104,-7.8112,-5.0258,-72.4971,159.7845,-11.9087,-131.2164
137.345,-4.6237,-165.7709,-7.6882,-6.1093,-72.2886,159.6616,-12.1656,-130.2206
138.171,-4.7103,-166.7330,-7.5664,-7.1951,-72.0802,159.5380,-12.4195,-129.0959
139.003,-4.7982,-167.6965,-7.4458,-8.2830,-71.8717,159.4135,-12.6684,-127.8363
139.840,-4.8873,-168.6613,-7.3265,-9.3730,-71.6633,159.2883,-12.9103,-126.4372
140.681,-4.9777,-169.6273,-7.2084,-10.4650,-71.4548,159.1623,-13.1428,-124.8953
141.528,-5.0692,-170.5944,-7.0915,-11.5589,-71.2464,159.0355,-13.3632,-123.2094
142.380,-5.1620,-171.5625,-6.9759,-12.6545,-71.0379,158.9080,-13.5686,-121.3809
143.237,-5.2561,-172.5315,-6.8615,-13.7519,-70.8295,158.7796,-13.7559,-119.4145
144.099,-5.3514,-173.5014,-6.7483,-14.8509,-70.6210,158.6505,-13.9222,-117.3184
144.967,-5.4479,-174.4719,-6.6364,-15.9514,-70.4126,158.5205,-14.0643,-115.1048
145.839,-5.5457,-175.4430,-6.5257,-17.0532,-70.2042,158.3898,-14.1793,-112.7898
146.717,-5.6447,-176.4146,-6.4163,-18.1564,-69.9957,158.2582,-14.2649,-110.3938
147.600,-5.7449,-177.3866,-6.3081,-19.2608,-69.7873,158.1258,-14.3191,-107.9402
148.489,-5.8465,-178.3589,-6.2012,-20.3663,-69.5789,157.9926,-14.3407,-105.4553
149.382,-5.9492,-179.3314,-6.0955,-21.4728,-69.3704,157.8585,-14.3289,-102.9668
150.282,-6.0532,179.6961,-5.9911,337.4198,-69.1620,157.7237,-14.2842,-100.5025
151.186,-6.1585,178.7236,-5.8879,336.3115,-68.9536,157.5879,-14.2076,-98.0894
152.096,-6.2650,177.7512,-5.7860,335.2026,-68.7451,157.4514,-14.1008,-95.7520
153.012,-6.3728,176.7791,-5.6854,334.0931,-68.5367,157.3140,-13.9661,-93.5117
153.933,-6.4818,175.8074,-5.5860,332.9830,-68.3283,157.1757,-13.8062,-91.3862
154.859,-6.5921,174.8360,-5.4878,331.8726,-68.1199,157.0365,-13.6242,-89.3891
155.791,-6.7036,173.8653,-5.3909,330.7618,-67.9114,156.8965,-13.4230,-87.5300
156.729,-6.8163,172.8952,-5.2953,329.6508,-67.7030,156.7556,-13.2058,-85.8145
157.673,-6.9303,171.9259,-5.2008,328.5397,-67.4946,156.6139,-12.9756,-84.2453
158.622,-7.0456,170.9574,-5.1077,327.4286,-67.2862,156.4712,-12.7350,-82.8219
159.576,-7.1621,169.9899,-5.0157,326.3176,-67.0778,156.3277,-12.4867,-81.5418
160.537,-7.2798,169.0235,-4.9250,325.2067,-66.8694,156.1832,-12.2327,-80.4007
161.503,-7.3987,168.0582,-4.8355,324.0961,-66.6610,156.0379,-11.9750,-79.3931
162.475,-7.5189,167.0942,-4.7473,322.9859,-66.4526,155.8916,-11.7154,-78.5126
163.453,-7.6402,166.1316,-4.6603,321.8761,-66.2442,155.7445,-11.4553,-77.7523
164.437,-7.7628,165.1704,-4.5745,320.7668,-66.0358,155.5964,-11.1958,-77.1051
165.427,-7.8866,164.2109,-4.4899,319.6582,-65.8274,155.4474,-10.9380,-76.5640
166.423,-8.0116,163.2529,-4.4065,318.5503,-65.6190,155.2974,-10.6826,-76.1219
167.424,-8.1378,162.2968,-4.3243,317.4433,-65.4106,155.1465,-10.4303,-75.7721
168.432,-8.2652,161.3425,-4.2433,316.3371,-65.2022,154.9947,-10.1817,-75.5080
169.446,-8.3938,160.3901,-4.1635,315.2320,-64.9938,154.8419,-9.9372,-75.3236
170.466,-8.5236,159.4398,-4.0849,314.1279,-64.7854,154.6881,-9.6970,-75.2130
171.492,-8.6545,158.4916,-4.0074,313.0250,-64.5770,154.5334,-9.4614,-75.1709
172.524,-8.7866,157.5456,-3.9312,311.9233,-64.3686,154.3777,-9.2306,-75.1922
173.563,-8.9199,156.6019,-3.8560,310.8229,-64.1603,154.2210,-9.0048,-75.2723
174.607,-9.0543,155.6607,-3.7821,309.7240,-63.9519,154.0633,-8.7838,-75.4069
175.658,-9.1899,154.7219,-3.7093,308.6265,-63.7435,153.9047,-8.5679,-75.5918
176.716,-9.3265,153.7856,-3.6376,307.5306,-63.5352,153.7450,-8.3570,-75.8235
177.780,-9.4644,152.8520,-3.5670,306.4363,-63.3268,153.5843,-8.1510,-76.0986
178.850,-9.6033,151.9211,-3.4976,305.3438,-63.1184,153.4226,-7.9500,-76.4138
179.926,-9.7433,150.9930,-3.4293,304.2530,-62.9101,153.2599,-7.7538,-76.7663
181.009,-9.8845,150.0678,-3.3621,303.1640,-62.7017,153.0962,-7.5624,-77.1533
182.099,-10.0267,149.1456,-3.2960,302.0770,-62.4934,152.9314,-7.3758,-77.5726
183.195,-10.1700,148.2263,-3.2309,300.9919,-62.2850,152.7656,-7.1938,-78.0216
184.297,-10.3144,147.3102,-3.1670,299.9090,-62.0767,152.5988,-7.0163,-78.4984
185.407,-10.4598,146.3972,-3.1041,298.8281,-61.8684,152.4309,-6.8432,-79.0011
186.523,-10.6063,145.4875,-3.0422,297.7494,-61.6600,152.2619,-6.6745,-79.5277
187.646,-10.7539,144.5810,-2.9814,296.6729,-61.4517,152.0918,-6.5101,-80.0766
188.775,-10.9024,143.6780,-2.9217,295.5987,-61.2434,151.9207,-6.3498,-80.6464
189.911,-11.0520,142.7783,-2.8629,294.5268,-61.0351,151.7485,-6.1935,-81.2355
191.054,-11.2026,141.8822,-2.8052,293.4574,-60.8267,151.5752,-6.0412,-81.8426
192.204,-11.3542,140.9896,-2.7485,292.3904,-60.6184,151.4008,-5.8926,-82.4666
193.361,-11.5068,140.1006,-2.6928,291.3259,-60.4101,151.2253,-5.7479,-83.1062
194.525,-11.6603,139.2152,-2.6380,290.2639,-60.2018,151.0486,-5.6068,-83.7604
195.696,-11.8148,138.3336,-2.5843,289.2045,-59.9935,150.8709,-5.4692,-84.4283
196.874,-11.9703,137.4558,-2.5314,288.1478,-59.7852,150.6920,-5.3351,-85.1088
198.059,-12.1267,136.5818,-2.4796,287.0937,-59.5769,150.5120,-5.2043,-85.8011
199.251,-12.2841,135.7116,-2.4286,286.0424,-59.3687,150.3308,-5.0769,-86.5045
200.451,-12.4424,134.8453,-2.3786,284.9938,-59.1604,150.1485,-4.9526,-87.2181
201.657,-12.6015,133.9831,-2.3296,283.9481,-58.9521,149.9650,-4.8314,-87.9414
202.871,-12.7616,133.1248,-2.2814,282.9051,-58.7439,149.7803,-4.7132,-88.6735
204.092,-12.9226,132.2705,-2.2341,281.8650,-58.5356,149.5945,-4.5980,-89.4139
205.321,-13.0844,131.4203,-2.1877,280.8278,-58.3273,149.4075,-4.4857,-90.1621
206.557,-13.2471,130.5743,-2.1421,279.7935,-58.1191,149.2192,-4.3762,-90.9175
207.800,-13.4107,129.7324,-2.0974,278.7622,-57.9109,149.0298,-4.2693,-91.6795
209.051,-13.5751,128.8947,-2.0536,277.7339,-57.7026,148.8392,-4.1652,-92.4478
210.309,-13.7403,128.0612,-2.0106,276.7085,-57.4944,148.6473,-4.0636,-93.2218
211.575,-13.9064,127.2320,-1.9684,275.6862,-57.2862,148.4542,-3.9645,-94.0012
212.848,-14.0732,126.4070,-1.9271,274.6669,-57.0780,148.2599,-3.8678,-94.7855
214.130,-14.2409,125.5864,-1.8865,273.6507,-56.8697,148.0643,-3.7736,-95.5744
215.418,-14.4093,124.7700,-1.8467,272.6375,-56.6615,147.8675,-3.6816,-96.3676
216.715,-14.5785,123.9581,-1.8077,271.6274,-56.4534,147.6694,-3.5920,-97.1646
218.020,-14.7485,123.1505,-1.7695,270.6205,-56.2452,147.4700,-3.5045,-97.9653
219.332,-14.9192,122.3473,-1.7320,269.6166,-56.0370,147.2693,-3.4192,-98.7693
220.652,-15.0906,121.5485,-1.6953,268.6159,-55.8288,147.0674,-3.3360,-99.5763
221.980,-15.2628,120.7542,-1.6593,267.6183,-55.6207,146.8641,-3.2548,-100.3861
223.316,-15.4357,119.9643,-1.6241,266.6239,-55.4125,146.6595,-3.1756,-101.1984
224.661,-15.6093,119.1789,-1.5895,265.6326,-55.2044,146.4536,-3.0983,-102.0131
226.013,-15.7835,118.3980,-1.5557,264.6444,-54.9962,146.2464,-3.0230,-102.8299
227.373,-15.9585,117.6216,-1.5225,263.6594,-54.7881,146.0379,-2.9495,-103.6485
228.742,-16.1341,116.8497,-1.4900,262.6776,-54.5800,145.8279,-2.8777,-104.4689
230.119,-16.3104,116.0822,-1.4582,261.6989,-54.3719,145.6167,-2.8078,-105.2907
231.504,-16.4874,115.3194,-1.4270,260.7234,-54.1638,145.4040,-2.7395,-106.1139
232.897,-16.6649,114.5610,-1.3965,259.7510,-53.9557,145.1900,-2.6729,-106.9384
234.299,-16.8432,113.8072,-1.3666,258.7818,-53.7476,144.9746,-2.6079,-107.7638
235.710,-17.0220,113.0579,-1.3374,257.8157,-53.5395,144.7578,-2.5446,-108.5902
237.128,-17.2014,112.3131,-1.3088,256.8527,-53.3315,144.5396,-2.4827,-109.4173
238.556,-17.3814,111.5729,-1.2807,255.8929,-53.1234,144.3200,-2.4224,-110.2451
239.992,-17.5620,110.8372,-1.2533,254.9362,-52.9154,144.0989,-2.3636,-111.0734
241.436,-17.7432,110.1061,-1.2265,253.9825,-52.7074,143.8764,-2.3061,-111.9021
242.889,-17.9250,109.3795,-1.2002,253.0320,-52.4993,143.6525,-2.2501,-112.7311
244.351,-18.1073,108.6575,-1.1745,252.0845,-52.2913,143.4270,-2.1955,-113.5603
245.822,-18.2901,107.9400,-1.1493,251.1401,-52.0834,143.2002,-2.1422,-114.3897
247.302,-18.4735,107.2270,-1.1247,250.1988,-51.8754,142.9718,-2.0902,-115.2191
248.791,-18.6574,106.5186,-1.1007,249.2605,-51.6674,142.7419,-2.0394,-116.0484
250.288,-18.8418,105.8146,-1.0772,248.3252,-51.4595,142.5106,-1.9899,-116.8776
251.795,-19.0268,105.1152,-1.0542,247.3929,-51.2515,142.2777,-1.9416,-117.7066
253.310,-19.2122,104.4203,-1.0317,246.4636,-51.0436,142.0433,-1.8945,-118.5354
254.835,-19.3981,103.7299,-1.0097,245.5372,-50.8357,141.8073,-1.8485,-119.3638
256.369,-19.5845,103.0439,-0.9882,244.6138,-50.6278,141.5698,-1.8037,-120.1919
257.912,-19.7714,102.3625,-0.9671,243.6933,-50.4199,141.3308,-1.7600,-121.0196
259.464,-19.9587,101.6855,-0.9466,242.7756,-50.2120,141.0902,-1.7173,-121.8467
261.026,-20.1465,101.0129,-0.9265,241.8609,-50.0042,140.8480,-1.6757,-122.6734
262.597,-20.3347,100.3448,-0.9069,240.9490,-49.7963,140.6042,-1.6351,-123.4995
264.178,-20.5233,99.6811,-0.8877,240.0399,-49.5885,140.3587,-1.5955,-124.3249
265.768,-20.7124,99.0218,-0.8690,239.1336,-49.3807,140.1117,-1.5568,-125.1498
267.368,-20.9019,98.3670,-0.8507,238.2300,-49.1729,139.8631,-1.5192,-125.9740
268.977,-21.0918,97.7165,-0.8329,237.3292,-48.9652,139.6128,-1.4824,-126.7975
270.596,-21.2822,97.0703,-0.8155,236.4311,-48.7574,139.3608,-1.4466,-127.6203
272.225,-21.4729,96.4285,-0.7984,235.5357,-48.5497,139.1072,-1.4116,-128.4423
273.864,-21.6640,95.7911,-0.7818,234.6429,-48.3420,138.8519,-1.3775,-129.2636
275.512,-21.8554,95.1579,-0.7656,233.7528,-48.1343,138.5949,-1.3442,-130.0841
277.170,-22.0473,94.5291,-0.7498,232.8652,-47.9266,138.3361,-1.3118,-130.9037
278.839,-22.2395,93.9045,-0.7343,231.9802,-47.7189,138.0757,-1.2802,-131.7226
280.517,-22.4321,93.2842,-0.7193,231.0977,-47.5113,137.8136,-1.2493,-132.5407
282.206,-22.6250,92.6681,-0.7046,230.2178,-47.3037,137.5497,-1.2192,-133.3580
283.904,-22.8182,92.0562,-0.6902,229.3402,-47.0961,137.2840,-1.1899,-134.1744
285.613,-23.0118,91.4486,-0.6763,228.4652,-46.8885,137.0166,-1.1613,-134.9899
287.332,-23.2058,90.8451,-0.6626,227.5924,-46.6810,136.7473,-1.1334,-135.8047
289.062,-23.4000,90.2458,-0.6494,226.7221,-46.4735,136.4763,-1.1062,-136.6186
290.802,-23.5946,89.6506,-0.6364,225.8541,-46.2660,136.2035,-1.0797,-137.4316
292.552,-23.7894,89.0595,-0.6238,224.9884,-46.0585,135.9289,-1.0538,-138.2438
294.313,-23.9846,88.4725,-0.6115,224.1249,-45.8510,135.6524,-1.0286,-139.0552
296.085,-24.1801,87.8896,-0.5996,223.2636,-45.6436,135.3740,-1.0040,-139.8658
297.867,-24.3759,87.3107,-0.5879,222.4045,-45.4362,135.0938,-0.9801,-140.6755
299.660,-24.5719,86.7359,-0.5766,221.5476,-45.2288,134.8117,-0.9567,-141.4844
301.464,-24.7682,86.1651,-0.5656,220.6928,-45.0215,134.5277,-0.9340,-142.2926
303.278,-24.9648,85.5982,-0.5549,219.8400,-44.8142,134.2418,-0.9118,-143.0999
305.104,-25.1617,85.0353,-0.5444,218.9893,-44.6069,133.9540,-0.8901,-143.9064
306.940,-25.3588,84.4763,-0.5343,218.1406,-44.3996,133.6642,-0.8691,-144.7122
308.788,-25.5562,83.9213,-0.5244,217.2938,-44.1924,133.3725,-0.8485,-145.5173
310.646,-25.7538,83.3701,-0.5149,216.4489,-43.9852,133.0788,-0.8285,-146.3216
312.516,-25.9517,82.8228,-0.5056,215.6059,-43.7780,132.7832,-0.8090,-147.1252
314.397,-26.1498,82.2793,-0.4966,214.7648,-43.5709,132.4855,-0.7900,-147.9280
316.290,-26.3482,81.7397,-0.4878,213.9255,-43.3638,132.1858,-0.7715,-148.7302
318.194,-26.5467,81.2038,-0.4793,213.0879,-43.1567,131.8841,-0.7534,-149.5318
320.109,-26.7455,80.6717,-0.4711,212.2520,-42.9497,131.5803,-0.7358,-150.3327
322.036,-26.9446,80.1433,-0.4631,211.4178,-42.7427,131.2745,-0.7187,-151.1330
323.974,-27.1438,79.6187,-0.4554,210.5853,-42.5357,130.9666,-0.7020,-151.9327
325.924,-27.3432,79.0978,-0.4479,209.7543,-42.3288,130.6565,-0.6858,-152.7318
327.886,-27.5429,78.5805,-0.4406,208.9249,-42.1219,130.3444,-0.6699,-153.5304
329.860,-27.7427,78.0669,-0.4336,208.0971,-41.9150,130.0302,-0.6545,-154.3284
331.845,-27.9428,77.5569,-0.4269,207.2707,-41.7082,129.7138,-0.6395,-155.1260
333.843,-28.1430,77.0504,-0.4204,206.4457,-41.5014,129.3953,-0.6249,-155.9230
335.852,-28.3435,76.5476,-0.4141,205.6221,-41.2947,129.0745,-0.6107,-156.7197
337.874,-28.5441,76.0483,-0.4080,204.7999,-41.0880,128.7516,-0.5968,-157.5159
339.908,-28.7449,75.5525,-0.4022,203.9790,-40.8814,128.4265,-0.5833,-158.3117
341.954,-28.9458,75.0603,-0.3965,203.1594,-40.6748,128.0991,-0.5702,-159.1072
344.012,-29.1470,74.5714,-0.3911,202.3410,-40.4682,127.7695,-0.5574,-159.9024
346.082,-29.3483,74.0861,-0.3859,201.5238,-40.2617,127.4377,-0.5450,-160.6972
348.166,-29.5498,73.6042,-0.3810,200.7077,-40.0553,127.1035,-0.5329,-161.4918
350.261,-29.7514,73.1256,-0.3762,199.8927,-39.8489,126.7671,-0.5211,-162.2861
352.370,-29.9532,72.6505,-0.3716,199.0788,-39.6425,126.4283,-0.5096,-163.0803
354.491,-30.1552,72.1787,-0.3673,198.2659,-39.4362,126.0872,-0.4985,-163.8743
356.624,-30.3573,71.7102,-0.3631,197.4540,-39.2300,125.7437,-0.4876,-164.6681
358.771,-30.5595,71.2450,-0.3592,196.6430,-39.0238,125.3979,-0.4771,-165.4618
360.931,-30.7619,70.7832,-0.3554,195.8329,-38.8176,125.0497,-0.4668,-166.2555
363.103,-30.9644,70.3245,-0.3519,195.0236,-38.6115,124.6991,-0.4569,-167.0491
365.289,-31.1671,69.8691,-0.3485,194.2152,-38.4055,124.3460,-0.4472,-167.8427
367.487,-31.3699,69.4169,-0.3453,193.4075,-38.1995,123.9906,-0.4377,-168.6364
369.699,-31.5729,68.9679,-0.3424,192.6005,-37.9936,123.6326,-0.4286,-169.4301
371.925,-31.7759,68.5221,-0.3396,191.7942,-37.7878,123.2722,-0.4197,-170.2239
374.163,-31.9791,68.0794,-0.3370,190.9886,-37.5820,122.9092,-0.4110,-171.0179
376.416,-32.1824,67.6398,-0.3346,190.1835,-37.3763,122.5437,-0.4026,-171.8120
378.681,-32.3859,67.2033,-0.3324,189.3790,-37.1706,122.1757,-0.3945,-172.6064
380.961,-32.5894,66.7698,-0.3304,188.5750,-36.9651,121.8051,-0.3866,-173.4010
383.254,-32.7931,66.3394,-0.3285,187.7714,-36.7596,121.4320,-0.3789,-174.1959
385.561,-32.9969,65.9121,-0.3269,186.9683,-36.5541,121.0562,-0.3714,-174.9911
387.882,-33.2007,65.4877,-0.3254,186.1655,-36.3487,120.6778,-0.3641,-175.7867
390.216,-33.4047,65.0663,-0.3241,185.3631,-36.1435,120.2968,-0.3571,-176.5827
392.565,-33.6088,64.6478,-0.3230,184.5609,-35.9382,119.9131,-0.3503,-177.3791
394.928,-33.8130,64.2323,-0.3220,183.7590,-35.7331,119.5267,-0.3436,-178.1760
397.305,-34.0173,63.8197,-0.3213,182.9574,-35.5281,119.1376,-0.3372,-178.9735
399.697,-34.2217,63.4100,-0.3207,182.1558,-35.3231,118.7458,-0.3310,-179.7715
402.103,-34.4262,63.0031,-0.3203,181.3544,-35.1182,118.3513,-0.3250,179.4299
404.523,-34.6308,62.5991,-0.3201,180.5531,-34.9134,117.9539,-0.3191,178.6307
406.958,-34.8355,62.1979,-0.3201,179.7518,-34.7087,117.5538,-0.3134,177.8307
409.407,-35.0403,61.7996,-0.3202,178.9504,-34.5041,117.1509,-0.3080,177.0301
411.872,-35.2451,61.4039,-0.3205,178.1490,-34.2995,116.7451,-0.3026,176.2287
414.351,-35.4501,61.0111,-0.3210,177.3476,-34.0951,116.3365,-0.2975,175.4264
416.845,-35.6551,60.6210,-0.3217,176.5459,-33.8907,115.9250,-0.2925,174.6234
419.354,-35.8602,60.2336,-0.3226,175.7441,-33.6865,115.5106,-0.2877,173.8194
421.878,-36.0654,59.8488,-0.3236,174.9421,-33.4824,115.0932,-0.2830,173.0145
424.418,-36.2706,59.4668,-0.3249,174.1398,-33.2783,114.6730,-0.2785,172.2086
426.972,-36.4760,59.0874,-0.3263,173.3371,-33.0744,114.2497,-0.2742,171.4017
429.542,-36.6814,58.7107,-0.3279,172.5342,-32.8706,113.8235,-0.2700,170.5938
432.128,-36.8869,58.3365,-0.3296,171.7308,-32.6669,113.3943,-0.2659,169.7848
434.729,-37.0924,57.9649,-0.3316,170.9269,-32.4633,112.9620,-0.2620,168.9746
437.346,-37.2981,57.5960,-0.3337,170.1226,-32.2598,112.5266,-0.2582,168.1632
439.978,-37.5037,57.2295,-0.3361,169.3177,-32.0564,112.0882,-0.2546,167.3506
442.627,-37.7095,56.8656,-0.3386,168.5123,-31.8532,111.6467,-0.2511,166.5367
445.291,-37.9153,56.5042,-0.3413,167.7063,-31.6501,111.2021,-0.2477,165.7215
447.971,-38.1212,56.1453,-0.3442,166.8996,-31.4471,110.7542,-0.2444,164.9049
450.668,-38.3272,55.7889,-0.3473,166.0922,-31.2442,110.3033,-0.2413,164.0870
453.380,-38.5332,55.4349,-0.3506,165.2840,-31.0415,109.8491,-0.2383,163.2675
456.109,-38.7392,55.0834,-0.3540,164.4751,-30.8389,109.3917,-0.2354,162.4466
458.855,-38.9453,54.7343,-0.3577,163.6653,-30.6365,108.9310,-0.2326,161.6242
461.617,-39.1515,54.3875,-0.3616,162.8546,-30.4342,108.4671,-0.2299,160.8002
464.395,-39.3577,54.0432,-0.3657,162.0431,-30.2320,107.9999,-0.2274,159.9745
467.191,-39.5640,53.7012,-0.3699,161.2306,-30.0300,107.5294,-0.2249,159.1472
470.003,-39.7704,53.3615,-0.3744,160.4170,-29.8282,107.0555,-0.2226,158.3181
472.832,-39.9768,53.0242,-0.3791,159.6025,-29.6265,106.5783,-0.2203,157.4873
475.678,-40.1832,52.6892,-0.3840,158.7868,-29.4249,106.0976,-0.2182,156.6547
478.541,-40.3897,52.3565,-0.3891,157.9700,-29.2236,105.6136,-0.2161,155.8203
481.421,-40.5962,52.0260,-0.3944,157.1521,-29.0223,105.1261,-0.2142,154.9839
484.319,-40.8028,51.6978,-0.4000,156.3329,-28.8213,104.6351,-0.2123,154.1457
487.234,-41.0094,51.3718,-0.4057,155.5125,-28.6204,104.1407,-0.2106,153.3054
490.167,-41.2161,51.0480,-0.4117,154.6908,-28.4198,103.6428,-0.2089,152.4631
493.118,-41.4228,50.7265,-0.4179,153.8678,-28.2193,103.1413,-0.2073,151.6187
496.086,-41.6296,50.4071,-0.4244,153.0433,-28.0189,102.6362,-0.2058,150.7723
499.072,-41.8363,50.0899,-0.4310,152.2175,-27.8188,102.1276,-0.2044,149.9236
502.076,-42.0432,49.7749,-0.4380,151.3902,-27.6189,101.6153,-0.2030,149.0728
505.098,-42.2501,49.4619,-0.4451,150.5614,-27.4192,101.0994,-0.2017,148.2197
508.138,-42.4570,49.1511,-0.4525,149.7310,-27.2196,100.5799,-0.2005,147.3643
511.197,-42.6639,48.8424,-0.4601,148.8991,-27.0203,100.0567,-0.1994,146.5065
514.274,-42.8709,48.5358,-0.4680,148.0655,-26.8212,99.5297,-0.1984,145.6464
517.370,-43.0779,48.2312,-0.4761,147.2303,-26.6223,98.9991,-0.1974,144.7839
520.484,-43.2850,47.9288,-0.4845,146.3934,-26.4237,98.4646,-0.1965,143.9189
523.617,-43.4921,47.6283,-0.4932,145.5547,-26.2252,97.9264,-0.1957,143.0513
526.768,-43.6992,47.3298,-0.5021,144.7142,-26.0270,97.3844,-0.1949,142.1813
529.939,-43.9064,47.0334,-0.5113,143.8720,-25.8291,96.8386,-0.1942,141.3086
533.129,-44.1135,46.7390,-0.5208,143.0278,-25.6313,96.2889,-0.1935,140.4332
536.338,-44.3208,46.4465,-0.5305,142.1818,-25.4339,95.7353,-0.1930,139.5552
539.566,-44.5280,46.1560,-0.5405,141.3338,-25.2366,95.1778,-0.1924,138.6745
542.814,-44.7353,45.8674,-0.5509,140.4838,-25.0397,94.6164,-0.1920,137.7909
546.082,-44.9426,45.5808,-0.5615,139.6319,-24.8430,94.0510,-0.1916,136.9046
549.369,-45.1499,45.2961,-0.5724,138.7778,-24.6465,93.4817,-0.1912,136.0154
552.675,-45.3573,45.0133,-0.5836,137.9217,-24.4504,92.9084,-0.1909,135.1233
556.002,-45.5647,44.7324,-0.5951,137.0634,-24.2545,92.3311,-0.1906,134.2283
559.349,-45.7721,44.4533,-0.6069,136.2030,-24.0589,91.7497,-0.1904,133.3302
562.716,-45.9796,44.1761,-0.6191,135.3404,-23.8637,91.1643,-0.1903,132.4292
566.103,-46.1870,43.9008,-0.6316,134.4755,-23.6687,90.5748,-0.1902,131.5251
569.510,-46.3945,43.6272,-0.6444,133.6084,-23.4740,89.9811,-0.1901,130.6179
572.938,-46.6020,43.3555,-0.6575,132.7389,-23.2796,89.3834,-0.1901,129.7075
576.387,-46.8096,43.0856,-0.6710,131.8671,-23.0856,88.7815,-0.1901,128.7940
579.856,-47.0171,42.8175,-0.6849,130.9929,-22.8918,88.1754,-0.1901,127.8772
583.347,-47.2247,42.5512,-0.6991,130.1163,-22.6985,87.5651,-0.1902,126.9572
586.858,-47.4323,42.2866,-0.7136,129.2373,-22.5054,86.9507,-0.1904,126.0339
590.390,-47.6400,42.0238,-0.7285,128.3558,-22.3127,86.3320,-0.1905,125.1073
593.944,-47.8476,41.7627,-0.7438,127.4717,-22.1204,85.7090,-0.1907,124.1773
597.519,-48.0553,41.5034,-0.7595,126.5851,-21.9284,85.0818,-0.1910,123.2440
601.116,-48.2630,41.2457,-0.7756,125.6960,-21.7368,84.4503,-0.1912,122.3071
604.734,-48.4707,40.9898,-0.7921,124.8042,-21.5455,83.8145,-0.1915,121.3668
608.374,-48.6784,40.7355,-0.8089,123.9098,-21.3547,83.1743,-0.1919,120.4231
612.036,-48.8861,40.4829,-0.8262,123.0127,-21.1642,82.5298,-0.1922,119.4757
615.720,-49.0939,40.2320,-0.8439,122.1130,-20.9741,81.8810,-0.1926,118.5249
619.426,-49.3017,39.9827,-0.8620,121.2105,-20.7845,81.2278,-0.1930,117.5704
623.155,-49.5095,39.7350,-0.8806,120.3052,-20.5952,80.5702,-0.1934,116.6123
626.906,-49.7173,39.4890,-0.8996,119.3972,-20.4064,79.9082,-0.1939,115.6505
630.679,-49.9251,39.2446,-0.9190,118.4863,-20.2180,79.2417,-0.1944,114.6851
634.475,-50.1330,39.0018,-0.9389,117.5727,-20.0301,78.5709,-0.1948,113.7160
638.294,-50.3408,38.7606,-0.9593,116.6561,-19.8426,77.8956,-0.1954,112.7431
642.136,-50.5487,38.5209,-0.9801,115.7367,-19.6555,77.2158,-0.1959,111.7665
646.002,-50.7566,38.2828,-1.0014,114.8144,-19.4689,76.5316,-0.1964,110.7861
649.890,-50.9645,38.0463,-1.0232,113.8892,-19.2828,75.8429,-0.1970,109.8019
653.802,-51.1724,37.8113,-1.0455,112.9610,-19.0972,75.1497,-0.1975,108.8138
657.737,-51.3804,37.5778,-1.0683,112.0298,-18.9121,74.4520,-0.1981,107.8220
661.696,-51.5883,37.3459,-1.0917,111.0956,-18.7275,73.7497,-0.1987,106.8263
665.679,-51.7963,37.1155,-1.1155,110.1585,-18.5434,73.0430,-0.1993,105.8267
669.686,-52.0042,36.8865,-1.1399,109.2183,-18.3598,72.3318,-0.1999,104.8232
673.717,-52.2122,36.6591,-1.1649,108.2751,-18.1768,71.6160,-0.2005,103.8158
677.772,-52.4202,36.4331,-1.1903,107.3288,-17.9942,70.8957,-0.2011,102.8045
681.852,-52.6282,36.2086,-1.2164,106.3794,-17.8123,70.1708,-0.2017,101.7893
685.956,-52.8363,35.9856,-1.2430,105.4270,-17.6309,69.4414,-0.2023,100.7701
690.085,-53.0443,35.7640,-1.2702,104.4714,-17.4501,68.7075,-0.2029,99.7470
694.239,-53.2523,35.5438,-1.2980,103.5128,-17.2698,67.9690,-0.2035,98.7199
698.418,-53.4604,35.3250,-1.3264,102.5510,-17.0902,67.2260,-0.2041,97.6889
702.622,-53.6684,35.1077,-1.3554,101.5861,-16.9111,66.4784,-0.2047,96.6539
706.851,-53.8765,34.8918,-1.3851,100.6181,-16.7327,65.7263,-0.2053,95.6150
711.106,-54.0846,34.6772,-1.4153,99.6469,-16.5548,64.9697,-0.2059,94.5721
715.386,-54.2927,34.4640,-1.4463,98.6725,-16.3777,64.2085,-0.2065,93.5253
719.692,-54.5008,34.2523,-1.4778,97.6951,-16.2011,63.4428,-0.2071,92.4745
724.024,-54.7089,34.0418,-1.5100,96.7144,-16.0252,62.6726,-0.2076,91.4198
728.382,-54.9171,33.8328,-1.5430,95.7306,-15.8500,61.8979,-0.2082,90.3611
732.766,-55.1252,33.6250,-1.5765,94.7437,-15.6755,61.1187,-0.2087,89.2985
737.177,-55.3333,33.4186,-1.6108,93.7536,-15.5016,60.3350,-0.2092,88.2320
741.614,-55.5415,33.2136,-1.6458,92.7603,-15.3285,59.5468,-0.2097,87.1617
746.078,-55.7496,33.0098,-1.6815,91.7640,-15.1560,58.7541,-0.2102,86.0874
750.569,-55.9578,32.8074,-1.7180,90.7644,-14.9843,57.9571,-0.2106,85.0093
755.087,-56.1660,32.6062,-1.7552,89.7618,-14.8133,57.1556,-0.2111,83.9274
759.632,-56.3742,32.4063,-1.7931,88.7560,-14.6431,56.3497,-0.2115,82.8416
764.204,-56.5823,32.2078,-1.8318,87.7471,-14.4736,55.5394,-0.2119,81.7521
768.804,-56.7905,32.0104,-1.8713,86.7351,-14.3049,54.7247,-0.2123,80.6588
773.432,-56.9988,31.8144,-1.9115,85.7201,-14.1369,53.9057,-0.2126,79.5618
778.088,-57.2070,31.6196,-1.9526,84.7019,-13.9698,53.0824,-0.2129,78.4611
782.771,-57.4152,31.4260,-1.9945,83.6807,-13.8034,52.2547,-0.2132,77.3568
787.483,-57.6234,31.2337,-2.0372,82.6565,-13.6379,51.4229,-0.2135,76.2489
792.223,-57.8316,31.0426,-2.0807,81.6293,-13.4731,50.5868,-0.2137,75.1373
796.991,-58.0399,30.8527,-2.1250,80.5991,-13.3093,49.7465,-0.2139,74.0223
801.789,-58.2481,30.6640,-2.1702,79.5660,-13.1462,48.9020,-0.2141,72.9038
806.615,-58.4564,30.4765,-2.2163,78.5299,-12.9841,48.0534,-0.2142,71.7818
811.470,-58.6646,30.2902,-2.2633,77.4909,-12.8228,47.2007,-0.2143,70.6565
816.354,-58.8729,30.1051,-2.3111,76.4490,-12.6623,46.3439,-0.2143,69.5278
821.268,-59.0812,29.9212,-2.3599,75.4043,-12.5028,45.4831,-0.2144,68.3959
826.212,-59.2894,29.7384,-2.4095,74.3568,-12.3442,44.6184,-0.2143,67.2608
831.185,-59.4977,29.5568,-2.4601,73.3065,-12.1865,43.7497,-0.2143,66.1225
836.188,-59.7060,29.3763,-2.5116,72.2535,-12.0297,42.8772,-0.2142,64.9812
841.221,-59.9143,29.1970,-2.5641,71.1978,-11.8739,42.0007,-0.2140,63.8368
846.285,-60.1226,29.0188,-2.6175,70.1394,-11.7190,41.1206,-0.2139,62.6895
851.379,-60.3309,28.8418,-2.6718,69.0784,-11.5651,40.2366,-0.2137,61.5393
856.503,-60.5392,28.6658,-2.7272,68.0149,-11.4121,39.3490,-0.2134,60.3863
861.659,-60.7475,28.4910,-2.7835,66.9488,-11.2601,38.4578,-0.2131,59.2306
866.845,-60.9558,28.3173,-2.8409,65.8803,-11.1092,37.5630,-0.2127,58.0723
872.063,-61.1641,28.1447,-2.8992,64.8093,-10.9592,36.6647,-0.2123,56.9114
877.312,-61.3725,27.9731,-2.9586,63.7360,-10.8102,35.7629,-0.2119,55.7480
882.593,-61.5808,27.8027,-3.0190,62.6604,-10.6623,34.8577,-0.2114,54.5822
887.906,-61.7891,27.6333,-3.0804,61.5825,-10.5154,33.9492,-0.2109,53.4142
893.250,-61.9974,27.4650,-3.1429,60.5025,-10.3696,33.0375,-0.2103,52.2439
898.627,-62.2058,27.2977,-3.2065,59.4203,-10.2248,32.1226,-0.2097,51.0716
904.036,-62.4141,27.1315,-3.2711,58.3360,-10.0811,31.2045,-0.2090,49.8972
909.477,-62.6225,26.9664,-3.3368,57.2497,-9.9384,30.2834,-0.2083,48.7210
914.952,-62.8308,26.8022,-3.4036,56.1615,-9.7969,29.3593,-0.2075,47.5429
920.459,-63.0392,26.6391,-3.4715,55.0714,-9.6564,28.4323,-0.2067,46.3631
926.000,-63.2475,26.4771,-3.5405,53.9795,-9.5171,27.5024,-0.2059,45.1817
931.573,-63.4559,26.3160,-3.6106,52.8859,-9.3788,26.5699,-0.2050,43.9988
937.181,-63.6643,26.1560,-3.6819,51.7906,-9.2417,25.6346,-0.2040,42.8146
942.822,-63.8726,25.9969,-3.7543,50.6937,-9.1057,24.6968,-0.2030,41.6291
948.497,-64.0810,25.8389,-3.8278,49.5953,-8.9709,23.7564,-0.2020,40.4424
954.206,-64.2894,25.6818,-3.9025,48.4955,-8.8372,22.8136,-0.2009,39.2547
959.950,-64.4978,25.5257,-3.9783,47.3943,-8.7046,21.8685,-0.1997,38.0660
965.728,-64.7061,25.3707,-4.0553,46.2918,-8.5733,20.9212,-0.1985,36.8766
971.541,-64.9145,25.2165,-4.1335,45.1882,-8.4430,19.9716,-0.1973,35.6865
977.389,-65.1229,25.0634,-4.2128,44.0834,-8.3140,19.0200,-0.1960,34.4958
983.272,-65.3313,24.9111,-4.2933,42.9776,-8.1862,18.0665,-0.1947,33.3046
989.191,-65.5397,24.7599,-4.3751,41.8709,-8.0595,17.1110,-0.1933,32.1132
995.145,-65.7481,24.6096,-4.4580,40.7633,-7.9340,16.1537,-0.1919,30.9215
1001.135,-65.9565,24.4602,-4.5421,39.6550,-7.8098,15.1948,-0.1905,29.7298
1007.161,-66.1649,24.3118,-4.6275,38.5460,-7.6867,14.2342,-0.1890,28.5382
1013.223,-66.3733,24.1642,-4.7140,37.4364,-7.5649,13.2721,-0.1875,27.3467
1019.322,-66.5817,24.0176,-4.8018,36.3263,-7.4443,12.3087,-0.1859,26.1556
1025.458,-66.7901,23.8719,-4.8908,35.2158,-7.3249,11.3439,-0.1843,24.9648
1031.630,-66.9985,23.7272,-4.9811,34.1050,-7.2067,10.3779,-0.1827,23.7747
1037.840,-67.2069,23.5833,-5.0725,32.9940,-7.0897,9.4108,-0.1810,22.5853
1044.087,-67.4153,23.4403,-5.1652,31.8829,-6.9740,8.4427,-0.1793,21.3967
1050.371,-67.6237,23.2982,-5.2592,30.7718,-6.8596,7.4736,-0.1775,20.2091
1056.694,-67.8322,23.1570,-5.3544,29.6608,-6.7463,6.5038,-0.1757,19.0225
1063.054,-68.0406,23.0166,-5.4508,28.5499,-6.6344,5.5333,-0.1739,17.8372
1069.453,-68.2490,22.8772,-5.5485,27.4393,-6.5236,4.5622,-0.1721,16.6532
1075.890,-68.4574,22.7385,-5.6474,26.3291,-6.4141,3.5906,-0.1702,15.4708
1082.366,-68.6658,22.6008,-5.7476,25.2194,-6.3059,2.6186,-0.1683,14.2899
1088.881,-68.8743,22.4639,-5.8490,24.1102,-6.1989,1.6463,-0.1664,13.1108
1095.436,-69.0827,22.3279,-5.9517,23.0017,-6.0931,0.6738,-0.1644,11.9335
1102.029,-69.2911,22.1927,-6.0557,381.8940,-5.9886,359.7013,-0.1624,10.7583
1108.663,-69.4996,22.0583,-6.1608,380.7871,-5.8854,358.7288,-0.1604,9.5851
1115.336,-69.7080,21.9248,-6.2673,379.6812,-5.7834,357.7565,-0.1584,8.4143
1122.049,-69.9164,21.7921,-6.3750,378.5764,-5.6827,356.7843,-0.1564,7.2457
1128.803,-70.1249,21.6602,-6.4839,377.4728,-5.5832,355.8126,-0.1543,6.0797
1135.598,-70.3333,21.5291,-6.5941,376.3704,-5.4849,354.8413,-0.1522,4.9163
1142.433,-70.5417,21.3989,-6.7056,375.2693,-5.3879,353.8705,-0.1501,3.7557
1149.310,-70.7502,21.2694,-6.8183,374.1698,-5.2922,352.9004,-0.1480,2.5979
1156.228,-70.9586,21.1407,-6.9322,373.0718,-5.1977,351.9310,-0.1459,1.4431
1163.187,-71.1671,21.0129,-7.0474,371.9755,-5.1044,350.9626,-0.1438,0.2914
1170.189,-71.3755,20.8858,-7.1638,370.8809,-5.0124,349.9951,-0.1417,-0.8572
1177.233,-71.5840,20.7595,-7.2814,369.7882,-4.9216,349.0286,-0.1395,-2.0023
1184.319,-71.7924,20.6340,-7.4003,368.6974,-4.8320,348.0634,-0.1374,-3.1441
1191.447,-72.0009,20.5093,-7.5204,367.6087,-4.7436,347.0994,-0.1352,-4.2823
1198.619,-72.2093,20.3853,-7.6417,366.5221,-4.6565,346.1367,-0.1330,-5.4169
1205.834,-72.4178,20.2621,-7.7642,365.4377,-4.5706,345.1756,-0.1309,-6.5477
1213.092,-72.6262,20.1397,-7.8880,364.3557,-4.4859,344.2160,-0.1287,-7.6746
1220.394,-72.8347,20.0180,-8.0129,363.2761,-4.4024,343.2581,-0.1266,-8.7976
1227.740,-73.0431,19.8970,-8.1391,362.1990,-4.3201,342.3019,-0.1244,-9.9165
1235.130,-73.2516,19.7769,-8.2664,361.1244,-4.2390,341.3476,-0.1222,-11.0313
1242.564,-73.4601,19.6574,-8.3950,360.0526,-4.1590,340.3952,-0.1201,-12.1418
1250.044,-73.6685,19.5387,-8.5247,358.9836,-4.0803,339.4449,-0.1180,-13.2480
1257.568,-73.8770,19.4207,-8.6556,357.9174,-4.0027,338.4967,-0.1158,-14.3497
1265.138,-74.0854,19.3034,-8.7876,356.8541,-3.9263,337.5507,-0.1137,-15.4469
1272.753,-74.2939,19.1869,-8.9208,355.7939,-3.8511,336.6070,-0.1116,-16.5395
1280.414,-74.5024,19.0710,-9.0552,354.7367,-3.7770,335.6657,-0.1095,-17.6275
1288.121,-74.7108,18.9559,-9.1907,353.6828,-3.7040,334.7269,-0.1074,-18.7106
1295.874,-74.9193,18.8415,-9.3274,352.6321,-3.6322,333.7906,-0.1053,-19.7889
1303.675,-75.1278,18.7278,-9.4651,351.5848,-3.5615,332.8570,-0.1032,-20.8623
1311.522,-75.3362,18.6148,-9.6040,350.5409,-3.4919,331.9261,-0.1012,-21.9308
1319.416,-75.5447,18.5025,-9.7440,349.5005,-3.4235,330.9980,-0.0991,-22.9941
1327.358,-75.7532,18.3908,-9.8851,348.4636,-3.3561,330.0728,-0.0971,-24.0523
1335.348,-75.9616,18.2799,-10.0273,347.4304,-3.2898,329.1505,-0.0951,-25.1054
1343.385,-76.1701,18.1696,-10.1706,346.4009,-3.2246,328.2312,-0.0931,-26.1531
1351.472,-76.3786,18.0600,-10.3149,345.3751,-3.1605,327.3151,-0.0911,-27.1956
1359.606,-76.5870,17.9511,-10.4603,344.3532,-3.0974,326.4021,-0.0892,-28.2327
1367.790,-76.7955,17.8429,-10.6068,343.3352,-3.0354,325.4923,-0.0873,-29.2644
1376.023,-77.0040,17.7353,-10.7543,342.3211,-2.9744,324.5859,-0.0854,-30.2906
1384.306,-77.2125,17.6283,-10.9028,341.3111,-2.9145,323.6828,-0.0835,-31.3113
1392.638,-77.4209,17.5221,-11.0524,340.3052,-2.8555,322.7831,-0.0816,-32.3264
1401.021,-77.6294,17.4164,-11.2029,339.3034,-2.7976,321.8870,-0.0798,-33.3359
1409.454,-77.8379,17.3114,-11.3545,338.3058,-2.7407,320.9943,-0.0780,-34.3398
1417.938,-78.0464,17.2071,-11.5070,337.3124,-2.6848,320.1053,-0.0762,-35.3379
1426.473,-78.2548,17.1034,-11.6606,336.3234,-2.6298,319.2200,-0.0744,-36.3303
1435.059,-78.4633,17.0003,-11.8150,335.3387,-2.5758,318.3383,-0.0727,-37.3170
1443.697,-78.6718,16.8979,-11.9705,334.3584,-2.5228,317.4605,-0.0710,-38.2979
1452.387,-78.8803,16.7961,-12.1269,333.3825,-2.4707,316.5864,-0.0693,-39.2729
1461.129,-79.0888,16.6949,-12.2842,332.4111,-2.4196,315.7162,-0.0676,-40.2421
1469.924,-79.2972,16.5943,-12.4425,331.4443,-2.3693,314.8500,-0.0660,-41.2055
1478.772,-79.5057,16.4944,-12.6016,330.4820,-2.3200,313.9877,-0.0644,-42.1629
1487.673,-79.7142,16.3950,-12.7617,329.5244,-2.2716,313.1294,-0.0628,-43.1144
1496.628,-79.9227,16.2963,-12.9226,328.5713,-2.2240,312.2751,-0.0612,-44.0600
1505.636,-80.1312,16.1981,-13.0844,327.6230,-2.1774,311.4249,-0.0597,-44.9996
1514.699,-80.3396,16.1006,-13.2471,326.6794,-2.1316,310.5788,-0.0582,-45.9333
1523.816,-80.5481,16.0036,-13.4106,325.7405,-2.0866,309.7369,-0.0567,-46.8610
1532.989,-80.7566,15.9073,-13.5750,324.8064,-2.0425,308.8992,-0.0553,-47.7827
1542.216,-80.9651,15.8115,-13.7402,323.8772,-1.9992,308.0657,-0.0538,-48.6984
1551.499,-81.1736,15.7163,-13.9062,322.9527,-1.9568,307.2364,-0.0524,-49.6081
1560.838,-81.3821,15.6217,-14.0731,322.0331,-1.9151,306.4114,-0.0511,-50.5118
1570.233,-81.5905,15.5277,-14.2407,321.1184,-1.8743,305.5907,-0.0497,-51.4095
1579.685,-81.7990,15.4342,-14.4091,320.2086,-1.8342,304.7744,-0.0484,-52.3012
1589.193,-82.0075,15.3413,-14.5783,319.3037,-1.7949,303.9624,-0.0471,-53.1869
1598.759,-82.2160,15.2490,-14.7482,318.4038,-1.7563,303.1548,-0.0459,-54.0666
1608.382,-82.4245,15.1572,-14.9189,317.5088,-1.7185,302.3516,-0.0446,-54.9403
1618.063,-82.6330,15.0660,-15.0903,316.6189,-1.6815,301.5528,-0.0434,-55.8080
1627.803,-82.8415,14.9754,-15.2625,315.7339,-1.6451,300.7585,-0.0422,-56.6698
1637.601,-83.0500,14.8853,-15.4354,314.8539,-1.6095,299.9686,-0.0411,-57.5255
1647.458,-83.2584,14.7957,-15.6089,313.9789,-1.5746,299.1831,-0.0399,-58.3753
1657.375,-83.4669,14.7067,-15.7832,313.1089,-1.5404,298.4022,-0.0388,-59.2192
1667.351,-83.6754,14.6183,-15.9581,312.2440,-1.5068,297.6257,-0.0378,-60.0571
1677.387,-83.8839,14.5304,-16.1337,311.3841,-1.4739,296.8538,-0.0367,-60.8891
1687.484,-84.0924,14.4430,-16.3100,310.5293,-1.4417,296.0863,-0.0357,-61.7151
1697.641,-84.3009,14.3561,-16.4869,309.6795,-1.4102,295.3234,-0.0347,-62.5353
1707.859,-84.5094,14.2698,-16.6645,308.8348,-1.3792,294.5650,-0.0337,-63.3496
1718.139,-84.7179,14.1840,-16.8427,307.9951,-1.3489,293.8112,-0.0327,-64.1581
1728.481,-84.9264,14.0987,-17.0215,307.1605,-1.3193,293.0619,-0.0318,-64.9607
1738.885,-85.1349,14.0139,-17.2009,306.3310,-1.2902,292.3171,-0.0308,-65.7576
1749.352,-85.3433,13.9296,-17.3809,305.5065,-1.2617,291.5769,-0.0300,-66.5486
1759.882,-85.5518,13.8459,-17.5615,304.6871,-1.2338,290.8412,-0.0291,-67.3339
1770.475,-85.7603,13.7627,-17.7427,303.8727,-1.2065,290.1100,-0.0282,-68.1134
1781.132,-85.9688,13.6799,-17.9244,303.0634,-1.1797,289.3834,-0.0274,-68.8872
1791.853,-86.1773,13.5977,-18.1067,302.2591,-1.1535,288.6614,-0.0266,-69.6553
1802.639,-86.3858,13.5160,-18.2895,301.4598,-1.1278,287.9438,-0.0258,-70.4178
1813.489,-86.5943,13.4347,-18.4729,300.6656,-1.1027,287.2308,-0.0250,-71.1746
1824.405,-86.8028,13.3540,-18.6568,299.8763,-1.0781,286.5223,-0.0243,-71.9259
1835.387,-87.0113,13.2737,-18.8412,299.0921,-1.0540,285.8184,-0.0236,-72.6715
1846.434,-87.2198,13.1940,-19.0261,298.3129,-1.0305,285.1189,-0.0229,-73.4116
1857.548,-87.4283,13.1147,-19.2116,297.5387,-1.0074,284.4240,-0.0222,-74.1462
1868.729,-87.6368,13.0359,-19.3975,296.7694,-0.9848,283.7336,-0.0215,-74.8753
1879.978,-87.8453,12.9576,-19.5838,296.0052,-0.9627,283.0476,-0.0208,-75.5989
1891.294,-88.0538,12.8797,-19.7707,295.2458,-0.9410,282.3661,-0.0202,-76.3171
1902.678,-88.2623,12.8023,-19.9580,294.4914,-0.9199,281.6891,-0.0196,-77.0299
1914.131,-88.4708,12.7254,-20.1458,293.7419,-0.8991,281.0165,-0.0190,-77.7374
1925.652,-88.6792,12.6490,-20.3340,292.9974,-0.8789,280.3484,-0.0184,-78.4395
1937.243,-88.8877,12.5730,-20.5226,292.2577,-0.8590,279.6847,-0.0178,-79.1364
1948.904,-89.0962,12.4975,-20.7117,291.5228,-0.8396,279.0254,-0.0173,-79.8279
1960.635,-89.3047,12.4224,-20.9012,290.7929,-0.8206,278.3705,-0.0168,-80.5143
1972.436,-89.5132,12.3478,-21.0911,290.0677,-0.8020,277.7199,-0.0162,-81.1955
1984.309,-89.7217,12.2736,-21.2814,289.3474,-0.7838,277.0738,-0.0157,-81.8715
1996.253,-89.9302,12.1999,-21.4721,288.6319,-0.7660,276.4320,-0.0152,-82.5423
2008.269,-90.1387,12.1267,-21.6632,287.9211,-0.7486,275.7945,-0.0148,-83.2081
2020.357,-90.3472,12.0538,-21.8547,287.2152,-0.7316,275.1613,-0.0143,-83.8689
2032.518,-90.5557,11.9815,-22.0465,286.5139,-0.7149,274.5324,-0.0138,-84.5246
2044.752,-90.7642,11.9095,-22.2387,285.8174,-0.6986,273.9078,-0.0134,-85.1753
2057.060,-90.9727,11.8380,-22.4313,285.1255,-0.6827,273.2875,-0.0130,-85.8211
2069.442,-91.1812,11.7669,-22.6242,284.4383,-0.6671,272.6714,-0.0126,-86.4620
2081.899,-91.3897,11.6963,-22.8174,283.7558,-0.6519,272.0595,-0.0122,-87.0980
2094.430,-91.5982,11.6261,-23.0110,283.0779,-0.6369,271.4518,-0.0118,-87.7292
2107.037,-91.8067,11.5563,-23.2049,282.4046,-0.6224,270.8483,-0.0114,-88.3555
2119.720,-92.0152,11.4869,-23.3992,281.7359,-0.6081,270.2490,-0.0110,-88.9771
2132.479,-92.2237,11.4179,-23.5937,281.0717,-0.5942,269.6538,-0.0107,-89.5940
2145.315,-92.4322,11.3494,-23.7886,280.4121,-0.5805,269.0627,-0.0103,-90.2062
2158.228,-92.6407,11.2813,-23.9838,279.7569,-0.5672,268.4757,-0.0100,-90.8137
2171.219,-92.8492,11.2136,-24.1792,279.1063,-0.5542,267.8927,-0.0097,-91.4166
2184.288,-93.0577,11.1463,-24.3750,278.4601,-0.5414,267.3138,-0.0094,-92.0149
2197.436,-93.2662,11.0794,-24.5710,277.8183,-0.5290,266.7390,-0.0091,-92.6086
2210.663,-93.4747,11.0129,-24.7674,277.1810,-0.5168,266.1681,-0.0088,-93.1979
2223.969,-93.6832,10.9468,-24.9639,276.5480,-0.5049,265.6012,-0.0085,-93.7826
2237.356,-93.8917,10.8811,-25.1608,275.9194,-0.4932,265.0383,-0.0082,-94.3629
2250.823,-94.1002,10.8158,-25.3579,275.2951,-0.4819,264.4793,-0.0079,-94.9389
2264.371,-94.3087,10.7509,-25.5553,274.6751,-0.4707,263.9242,-0.0077,-95.5104
2278.001,-94.5172,10.6864,-25.7529,274.0594,-0.4599,263.3730,-0.0074,-96.0776
2291.713,-94.7257,10.6223,-25.9508,273.4480,-0.4492,262.8257,-0.0072,-96.6405
2305.507,-94.9342,10.5585,-26.1489,272.8407,-0.4388,262.2822,-0.0069,-97.1991
2319.385,-95.1427,10.4952,-26.3472,272.2377,-0.4287,261.7425,-0.0067,-97.7535
2333.346,-95.3512,10.4322,-26.5458,271.6389,-0.4188,261.2067,-0.0065,-98.3037
2347.391,-95.5597,10.3696,-26.7446,271.0442,-0.4091,260.6745,-0.0063,-98.8498
2361.520,-95.7682,10.3074,-26.9436,270.4536,-0.3996,260.1462,-0.0061,-99.3917
2375.735,-95.9767,10.2456,-27.1429,269.8671,-0.3903,259.6215,-0.0059,-99.9295
2390.035,-96.1852,10.1841,-27.3423,269.2847,-0.3812,259.1005,-0.0057,-100.4633
2404.421,-96.3937,10.1230,-27.5419,268.7063,-0.3724,258.5833,-0.0055,-100.9930
2418.894,-96.6022,10.0623,-27.7418,268.1319,-0.3637,258.0696,-0.0053,-101.5188
2433.454,-96.8107,10.0019,-27.9418,267.5615,-0.3553,257.5596,-0.0051,-102.0406
2448.101,-97.0192,9.9419,-28.1421,266.9951,-0.3470,257.0531,-0.0050,-102.5585
2462.837,-97.2277,9.8823,-28.3425,266.4326,-0.3390,256.5503,-0.0048,-103.0724
2477.661,-97.4362,9.8230,-28.5431,265.8740,-0.3311,256.0510,-0.0046,-103.5826
2492.575,-97.6447,9.7641,-28.7439,265.3193,-0.3234,255.5552,-0.0045,-104.0889
2507.578,-97.8532,9.7056,-28.9449,264.7684,-0.3158,255.0629,-0.0043,-104.5914
2522.672,-98.0617,9.6474,-29.1460,264.2214,-0.3085,254.5741,-0.0042,-105.0901
2537.857,-98.2702,9.5895,-29.3473,263.6782,-0.3013,254.0887,-0.0040,-105.5851
2553.133,-98.4787,9.5320,-29.5488,263.1387,-0.2942,253.6067,-0.0039,-106.0765
2568.501,-98.6872,9.4748,-29.7504,262.6030,-0.2874,253.1282,-0.0038,-106.5641
2583.961,-98.8957,9.4180,-29.9522,262.0710,-0.2807,252.6530,-0.0037,-107.0481
2599.514,-99.1042,9.3615,-30.1542,261.5428,-0.2741,252.1812,-0.0035,-107.5286
2615.162,-99.3127,9.3054,-30.3563,261.0181,-0.2677,251.7127,-0.0034,-108.0054
2630.903,-99.5212,9.2496,-30.5585,260.4971,-0.2615,251.2475,-0.0033,-108.4787
2646.739,-99.7297,9.1942,-30.7609,259.9798,-0.2554,250.7856,-0.0032,-108.9485
2662.670,-99.9382,9.1390,-30.9634,259.4660,-0.2494,250.3270,-0.0031,-109.4149
2678.698,-100.1467,9.0842,-31.1661,258.9558,-0.2435,249.8716,-0.0030,-109.8777
2694.821,-100.3552,9.0298,-31.3689,258.4491,-0.2379,249.4193,-0.0029,-110.3372
2711.042,-100.5637,8.9756,-31.5719,257.9459,-0.2323,248.9703,-0.0028,-110.7933
2727.360,-100.7722,8.9218,-31.7749,257.4463,-0.2268,248.5245,-0.0027,-111.2460
2743.777,-100.9807,8.8683,-31.9781,256.9501,-0.2215,248.0817,-0.0026,-111.6953
2760.293,-101.1892,8.8152,-32.1814,256.4573,-0.2163,247.6421,-0.0025,-112.1414
2776.907,-101.3977,8.7623,-32.3848,255.9679,-0.2113,247.2056,-0.0024,-112.5842
2793.622,-101.6062,8.7098,-32.5884,255.4819,-0.2063,246.7721,-0.0023,-113.0237
2810.438,-101.8147,8.6576,-32.7921,254.9993,-0.2015,246.3417,-0.0023,-113.4601
2827.354,-102.0232,8.6057,-32.9958,254.5200,-0.1968,245.9143,-0.0022,-113.8932
2844.373,-102.2317,8.5541,-33.1997,254.0440,-0.1921,245.4899,-0.0021,-114.3232
2861.494,-102.4402,8.5028,-33.4037,253.5714,-0.1876,245.0685,-0.0020,-114.7500
2878.718,-102.6487,8.4519,-33.6078,253.1019,-0.1832,244.6501,-0.0020,-115.1737
2896.046,-102.8572,8.4012,-33.8120,252.6357,-0.1789,244.2345,-0.0019,-115.5944
2913.478,-103.0657,8.3508,-34.0163,252.1728,-0.1747,243.8219,-0.0018,-116.0120
2931.015,-103.2742,8.3008,-34.2207,251.7130,-0.1706,243.4122,-0.0018,-116.4266
2948.657,-103.4827,8.2510,-34.4252,251.2564,-0.1666,243.0053,-0.0017,-116.8381
2966.406,-103.6912,8.2016,-34.6298,250.8029,-0.1627,242.6013,-0.0017,-117.2467
2984.261,-103.8997,8.1524,-34.8345,250.3525,-0.1589,242.2001,-0.0016,-117.6523
3002.224,-104.1082,8.1036,-35.0392,249.9053,-0.1551,241.8017,-0.0015,-118.0550
3020.295,-104.3167,8.0550,-35.2441,249.4611,-0.1515,241.4061,-0.0015,-118.4548
3038.475,-104.5252,8.0067,-35.4490,249.0199,-0.1479,241.0132,-0.0014,-118.8518
3056.765,-104.7337,7.9587,-35.6540,248.5818,-0.1445,240.6230,-0.0014,-119.2458
3075.164,-104.9422,7.9111,-35.8592,248.1467,-0.1411,240.2356,-0.0013,-119.6371
3093.674,-105.1507,7.8636,-36.0643,247.7145,-0.1377,239.8509,-0.0013,-120.0255
3112.296,-105.3592,7.8165,-36.2696,247.2854,-0.1345,239.4688,-0.0013,-120.4112
3131.029,-105.5677,7.7697,-36.4749,246.8591,-0.1313,239.0894,-0.0012,-120.7941
3149.876,-105.7762,7.7231,-36.6803,246.4358,-0.1282,238.7127,-0.0012,-121.1743
3168.836,-105.9847,7.6768,-36.8858,246.0154,-0.1252,238.3385,-0.0011,-121.5517
3187.910,-106.1932,7.6308,-37.0914,245.5978,-0.1223,237.9669,-0.0011,-121.9265
3207.099,-106.4017,7.5851,-37.2970,245.1831,-0.1194,237.5979,-0.0011,-122.2986
3226.403,-106.6102,7.5397,-37.5027,244.7712,-0.1166,237.2315,-0.0010,-122.6681
3245.823,-106.8187,7.4945,-37.7084,244.3621,-0.1138,236.8676,-0.0010,-123.0349
3265.361,-107.0272,7.4496,-37.9143,243.9558,-0.1111,236.5062,-0.0009,-123.3992
3285.016,-107.2357,7.4050,-38.1201,243.5522,-0.1085,236.1472,-0.0009,-123.7609
3304.789,-107.4442,7.3606,-38.3261,243.1514,-0.1060,235.7908,-0.0009,-124.1200
3324.681,-107.6527,7.3165,-38.5321,242.7533,-0.1035,235.4368,-0.0009,-124.4766
3344.693,-107.8612,7.2727,-38.7382,242.3579,-0.1010,235.0853,-0.0008,-124.8307
3364.826,-108.0697,7.2291,-38.9443,241.9652,-0.0986,234.7361,-0.0008,-125.1823
3385.080,-108.2782,7.1858,-39.1504,241.5752,-0.0963,234.3894,-0.0008,-125.5314
3405.455,-108.4867,7.1427,-39.3567,241.1877,-0.0940,234.0450,-0.0007,-125.8781
3425.954,-108.6952,7.0999,-39.5630,240.8029,-0.0918,233.7030,-0.0007,-126.2224
3446.575,-108.9038,7.0574,-39.7693,240.4207,-0.0897,233.3633,-0.0007,-126.5642
3467.321,-109.1123,7.0151,-39.9757,240.0411,-0.0875,233.0260,-0.0007,-126.9037
3488.192,-109.3208,6.9731,-40.1821,239.6641,-0.0855,232.6910,-0.0006,-127.2408
3509.188,-109.5293,6.9313,-40.3886,239.2896,-0.0835,232.3582,-0.0006,-127.5755
3530.310,-109.7378,6.8898,-40.5951,238.9176,-0.0815,232.0278,-0.0006,-127.9079
3551.560,-109.9463,6.8485,-40.8017,238.5481,-0.0796,231.6995,-0.0006,-128.2380
3572.938,-110.1548,6.8075,-41.0083,238.1811,-0.0777,231.3735,-0.0006,-128.5659
3594.444,-110.3633,6.7667,-41.2150,237.8165,-0.0759,231.0498,-0.0005,-128.8914
3616.080,-110.5718,6.7262,-41.4217,237.4544,-0.0741,230.7282,-0.0005,-129.2147
3637.846,-110.7803,6.6859,-41.6285,237.0947,-0.0723,230.4088,-0.0005,-129.5358
3659.743,-110.9888,6.6459,-41.8353,236.7375,-0.0706,230.0916,-0.0005,-129.8546
3681.772,-111.1973,6.6061,-42.0421,236.3826,-0.0689,229.7765,-0.0005,-130.1712
3703.934,-111.4058,6.5665,-42.2490,236.0301,-0.0673,229.4636,-0.0005,-130.4857
3726.229,-111.6143,6.5272,-42.4559,235.6799,-0.0657,229.1528,-0.0004,-130.7980
3748.658,-111.8228,6.4881,-42.6628,235.3321,-0.0642,228.8441,-0.0004,-131.1082
3771.222,-112.0313,6.4492,-42.8698,234.9866,-0.0626,228.5374,-0.0004,-131.4162
3793.922,-112.2398,6.4106,-43.0768,234.6434,-0.0612,228.2329,-0.0004,-131.7221
3816.758,-112.4483,6.3722,-43.2839,234.3025,-0.0597,227.9304,-0.0004,-132.0260
3839.732,-112.6568,6.3340,-43.4910,233.9639,-0.0583,227.6299,-0.0004,-132.3277
3862.844,-112.8653,6.2961,-43.6981,233.6275,-0.0569,227.3314,-0.0004,-132.6274
3886.096,-113.0738,6.2584,-43.9053,233.2934,-0.0556,227.0350,-0.0003,-132.9251
3909.487,-113.2823,6.2209,-44.1125,232.9614,-0.0543,226.7405,-0.0003,-133.2207
3933.019,-113.4908,6.1836,-44.3197,232.6317,-0.0530,226.4481,-0.0003,-133.5143
3956.693,-113.6993,6.1466,-44.5269,232.3041,-0.0517,226.1575,-0.0003,-133.8059
3980.509,-113.9078,6.1098,-44.7342,231.9788,-0.0505,225.8690,-0.0003,-134.0956
4004.469,-114.1163,6.0732,-44.9415,231.6555,-0.0493,225.5823,-0.0003,-134.3833
4028.573,-114.3248,6.0368,-45.1488,231.3344,-0.0481,225.2976,-0.0003,-134.6690
4052.822,-114.5333,6.0007,-45.3562,231.0155,-0.0470,225.0148,-0.0003,-134.9528
4077.217,-114.7418,5.9647,-45.5636,230.6986,-0.0459,224.7339,-0.0003,-135.2347
4101.759,-114.9503,5.9290,-45.7710,230.3838,-0.0448,224.4548,-0.0003,-135.5147
4126.448,-115.1588,5.8935,-45.9785,230.0711,-0.0438,224.1776,-0.0002,-135.7928
4151.286,-115.3673,5.8582,-46.1859,229.7604,-0.0427,223.9022,-0.0002,-136.0690
4176.274,-115.5758,5.8231,-46.3934,229.4518,-0.0417,223.6287,-0.0002,-136.3434
4201.412,-115.7843,5.7883,-46.6009,229.1452,-0.0407,223.3570,-0.0002,-136.6159
4226.701,-115.9928,5.7536,-46.8085,228.8407,-0.0398,223.0871,-0.0002,-136.8866
4252.143,-116.2013,5.7191,-47.0160,228.5381,-0.0388,222.8190,-0.0002,-137.1555
4277.737,-116.4098,5.6849,-47.2236,228.2375,-0.0379,222.5526,-0.0002,-137.4226
4303.486,-116.6183,5.6509,-47.4312,227.9389,-0.0370,222.2880,-0.0002,-137.6879
4329.390,-116.8268,5.6170,-47.6389,227.6422,-0.0361,222.0252,-0.0002,-137.9515
4355.449,-117.0353,5.5834,-47.8465,227.3475,-0.0353,221.7641,-0.0002,-138.2133
4381.666,-117.2439,5.5500,-48.0542,227.0547,-0.0344,221.5047,-0.0002,-138.4733
4408.040,-117.4524,5.5167,-48.2619,226.7638,-0.0336,221.2471,-0.0002,-138.7316
4434.573,-117.6609,5.4837,-48.4696,226.4748,-0.0328,220.9911,-0.0002,-138.9882
4461.266,-117.8694,5.4509,-48.6773,226.1877,-0.0320,220.7368,-0.0002,-139.2431
4488.119,-118.0779,5.4182,-48.8850,225.9025,-0.0313,220.4842,-0.0001,-139.4963
4515.134,-118.2864,5.3858,-49.0928,225.6191,-0.0305,220.2333,-0.0001,-139.7478
4542.312,-118.4949,5.3535,-49.3006,225.3375,-0.0298,219.9840,-0.0001,-139.9976
4569.653,-118.7034,5.3215,-49.5084,225.0578,-0.0291,219.7364,-0.0001,-140.2458
4597.159,-118.9119,5.2896,-49.7162,224.7799,-0.0284,219.4903,-0.0001,-140.4924
4624.831,-119.1204,5.2579,-49.9240,224.5038,-0.0278,219.2459,-0.0001,-140.7373
4652.669,-119.3289,5.2265,-50.1319,224.2295,-0.0271,219.0031,-0.0001,-140.9806
4680.674,-119.5374,5.1952,-50.3397,223.9570,-0.0265,218.7618,-0.0001,-141.2223
4708.848,-119.7459,5.1641,-50.5476,223.6862,-0.0258,218.5222,-0.0001,-141.4625
4737.192,-119.9544,5.1331,-50.7555,223.4172,-0.0252,218.2841,-0.0001,-141.7010
4765.706,-120.1629,5.1024,-50.9634,223.1500,-0.0246,218.0476,-0.0001,-141.9380
4794.392,-120.3714,5.0719,-51.1713,222.8844,-0.0240,217.8126,-0.0001,-142.1734
4823.251,-120.5799,5.0415,-51.3792,222.6206,-0.0235,217.5791,-0.0001,-142.4073
4852.283,-120.7884,5.0113,-51.5872,222.3584,-0.0229,217.3471,-0.0001,-142.6396
4881.490,-120.9969,4.9813,-51.7952,222.0980,-0.0224,217.1167,-0.0001,-142.8705
4910.873,-121.2054,4.9515,-52.0031,221.8392,-0.0218,216.8878,-0.0001,-143.0998
4940.433,-121.4139,4.9218,-52.2111,221.5821,-0.0213,216.6603,-0.0001,-143.3276
4970.171,-121.6224,4.8924,-52.4191,221.3267,-0.0208,216.4343,-0.0001,-143.5540
5000.087,-121.8309,4.8631,-52.6271,221.0729,-0.0203,216.2098,-0.0001,-143.7788
5030.184,-122.0394,4.8340,-52.8351,220.8207,-0.0198,215.9868,-0.0001,-144.0022
5060.462,-122.2479,4.8050,-53.0432,220.5702,-0.0194,215.7651,-0.0001,-144.2241
5090.922,-122.4564,4.7763,-53.2512,220.3212,-0.0189,215.5450,-0.0001,-144.4446
5121.565,-122.6649,4.7477,-53.4593,220.0739,-0.0185,215.3262,-0.0001,-144.6637
5152.393,-122.8734,4.7192,-53.6673,219.8281,-0.0180,215.1088,-0.0001,-144.8814
5183.407,-123.0819,4.6910,-53.8754,219.5839,-0.0176,214.8929,-0.0001,-145.0976
5214.607,-123.2904,4.6629,-54.0835,219.3413,-0.0172,214.6784,-0.0001,-145.3124
5245.995,-123.4989,4.6350,-54.2916,219.1002,-0.0168,214.4652,-0.0001,-145.5259
5277.572,-123.7074,4.6072,-54.4997,218.8606,-0.0164,214.2534,-0.0001,-145.7379
5309.339,-123.9159,4.5797,-54.7078,218.6226,-0.0160,214.0430,-0.0001,-145.9486
5341.297,-124.1244,4.5523,-54.9159,218.3861,-0.0156,213.8339,-0.0001,-146.1579
5373.448,-124.3329,4.5250,-55.1241,218.1511,-0.0152,213.6261,-0.0001,-146.3659
5405.792,-124.5414,4.4979,-55.3322,217.9177,-0.0149,213.4197,-0.0001,-146.5726
5438.331,-124.7500,4.4710,-55.5404,217.6856,-0.0145,213.2147,-0.0000,-146.7779
5471.065,-124.9585,4.4442,-55.7485,217.4551,-0.0142,213.0109,-0.0000,-146.9818
5503.997,-125.1670,4.4176,-55.9567,217.2261,-0.0138,212.8084,-0.0000,-147.1845
5537.127,-125.3755,4.3912,-56.1649,216.9985,-0.0135,212.6073,-0.0000,-147.3859
5570.456,-125.5840,4.3649,-56.3730,216.7723,-0.0132,212.4074,-0.0000,-147.5860
5603.986,-125.7925,4.3388,-56.5812,216.5476,-0.0129,212.2088,-0.0000,-147.7847
5637.718,-126.0010,4.3128,-56.7894,216.3243,-0.0126,212.0115,-0.0000,-147.9823
5671.653,-126.2095,4.2870,-56.9976,216.1024,-0.0123,211.8154,-0.0000,-148.1785
5705.792,-126.4180,4.2613,-57.2059,215.8819,-0.0120,211.6206,-0.0000,-148.3735
5740.136,-126.6265,4.2358,-57.4141,215.6628,-0.0117,211.4270,-0.0000,-148.5673
5774.687,-126.8350,4.2104,-57.6223,215.4451,-0.0114,211.2347,-0.0000,-148.7598
5809.447,-127.0435,4.1852,-57.8305,215.2288,-0.0112,211.0436,-0.0000,-148.9510
5844.415,-127.2520,4.1602,-58.0388,215.0139,-0.0109,210.8537,-0.0000,-149.1411
5879.594,-127.4605,4.1353,-58.2470,214.8003,-0.0106,210.6650,-0.0000,-149.3299
5914.985,-127.6690,4.1105,-58.4553,214.5880,-0.0104,210.4775,-0.0000,-149.5176
5950.588,-127.8775,4.0859,-58.6635,214.3771,-0.0101,210.2912,-0.0000,-149.7040
5986.407,-128.0860,4.0615,-58.8718,214.1676,-0.0099,210.1061,-0.0000,-149.8893
6022.440,-128.2945,4.0372,-59.0800,213.9593,-0.0097,209.9222,-0.0000,-150.0734
6058.691,-128.5030,4.0130,-59.2883,213.7524,-0.0094,209.7394,-0.0000,-150.2563
6095.159,-128.7115,3.9890,-59.4966,213.5467,-0.0092,209.5578,-0.0000,-150.4380
6131.848,-128.9200,3.9651,-59.7049,213.3424,-0.0090,209.3773,-0.0000,-150.6186
6168.757,-129.1285,3.9414,-59.9132,213.1393,-0.0088,209.1980,-0.0000,-150.7980
6205.888,-129.3370,3.9178,-60.1215,212.9376,-0.0086,209.0198,-0.0000,-150.9763
6243.243,-129.5455,3.8943,-60.3298,212.7371,-0.0084,208.8427,-0.0000,-151.1535
6280.822,-129.7540,3.8710,-60.5381,212.5378,-0.0082,208.6668,-0.0000,-151.3296
6318.628,-129.9625,3.8478,-60.7464,212.3398,-0.0080,208.4920,-0.0000,-151.5045
6356.661,-130.1710,3.8248,-60.9547,212.1430,-0.0078,208.3182,-0.0000,-151.6783
6394.924,-130.3795,3.8019,-61.1630,211.9475,-0.0076,208.1456,-0.0000,-151.8511
6433.416,-130.5880,3.7792,-61.3713,211.7532,-0.0074,207.9740,-0.0000,-152.0227
6472.141,-130.7965,3.7565,-61.5797,211.5601,-0.0072,207.8036,-0.0000,-152.1933
6511.098,-131.0050,3.7341,-61.7880,211.3683,-0.0071,207.6342,-0.0000,-152.3628
6550.290,-131.2135,3.7117,-61.9963,211.1776,-0.0069,207.4659,-0.0000,-152.5312
6589.718,-131.4220,3.6895,-62.2047,210.9881,-0.0067,207.2986,-0.0000,-152.6985
6629.383,-131.6305,3.6674,-62.4130,210.7998,-0.0066,207.1324,-0.0000,-152.8648
6669.287,-131.8391,3.6455,-62.6214,210.6127,-0.0064,206.9672,-0.0000,-153.0301
6709.431,-132.0476,3.6236,-62.8297,210.4267,-0.0063,206.8031,-0.0000,-153.1943
6749.816,-132.2561,3.6020,-63.0381,210.2420,-0.0061,206.6400,-0.0000,-153.3575
6790.445,-132.4646,3.5804,-63.2464,210.0583,-0.0060,206.4779,-0.0000,-153.5196
6831.318,-132.6731,3.5590,-63.4548,209.8758,-0.0058,206.3169,-0.0000,-153.6807
6872.438,-132.8816,3.5377,-63.6632,209.6945,-0.0057,206.1568,-0.0000,-153.8409
6913.805,-133.0901,3.5165,-63.8715,209.5143,-0.0056,205.9978,-0.0000,-154.0000
6955.421,-133.2986,3.4954,-64.0799,209.3352,-0.0054,205.8397,-0.0000,-154.1581
6997.287,-133.5071,3.4745,-64.2883,209.1572,-0.0053,205.6827,-0.0000,-154.3152
7039.405,-133.7156,3.4537,-64.4966,208.9803,-0.0052,205.5266,-0.0000,-154.4714
7081.777,-133.9241,3.4331,-64.7050,208.8045,-0.0051,205.3715,-0.0000,-154.6265
7124.404,-134.1326,3.4125,-64.9134,208.6299,-0.0049,205.2173,-0.0000,-154.7807
7167.288,-134.3411,3.3921,-65.1218,208.4563,-0.0048,205.0642,-0.0000,-154.9339
7210.429,-134.5496,3.3718,-65.3302,208.2838,-0.0047,204.9120,-0.0000,-155.0862
7253.831,-134.7581,3.3516,-65.5386,208.1123,-0.0046,204.7607,-0.0000,-155.2375
7297.493,-134.9666,3.3316,-65.7470,207.9419,-0.0045,204.6104,-0.0000,-155.3879
7341.418,-135.1751,3.3116,-65.9554,207.7726,-0.0044,204.4610,-0.0000,-155.5373
7385.608,-135.3836,3.2918,-66.1638,207.6043,-0.0043,204.3125,-0.0000,-155.6858
7430.064,-135.5921,3.2721,-66.3722,207.4371,-0.0042,204.1650,-0.0000,-155.8334
7474.787,-135.8006,3.2525,-66.5806,207.2709,-0.0041,204.0184,-0.0000,-155.9801
7519.780,-136.0091,3.2330,-66.7890,207.1058,-0.0040,203.8727,-0.0000,-156.1258
7565.043,-136.2176,3.2137,-66.9974,206.9416,-0.0039,203.7279,-0.0000,-156.2706
7610.579,-136.4261,3.1945,-67.2058,206.7785,-0.0038,203.5840,-0.0000,-156.4146
7656.389,-136.6346,3.1753,-67.4142,206.6164,-0.0037,203.4410,-0.0000,-156.5576
7702.475,-136.8431,3.1563,-67.6226,206.4553,-0.0036,203.2989,-0.0000,-156.6997
7748.838,-137.0516,3.1374,-67.8310,206.2952,-0.0035,203.1577,-0.0000,-156.8410
7795.480,-137.2601,3.1187,-68.0395,206.1360,-0.0034,203.0174,-0.0000,-156.9814
7842.403,-137.4686,3.1000,-68.2479,205.9779,-0.0034,202.8779,-0.0000,-157.1209
7889.608,-137.6771,3.0815,-68.4563,205.8207,-0.0033,202.7393,-0.0000,-157.2595
7937.098,-137.8856,3.0630,-68.6647,205.6646,-0.0032,202.6015,-0.0000,-157.3973
7984.873,-138.0941,3.0447,-68.8732,205.5093,-0.0031,202.4646,-0.0000,-157.5343
8032.936,-138.3026,3.0265,-69.0816,205.3551,-0.0031,202.3286,-0.0000,-157.6703
8081.288,-138.5111,3.0083,-69.2900,205.2017,-0.0030,202.1934,-0.0000,-157.8056
8129.931,-138.7196,2.9903,-69.4984,205.0494,-0.0029,202.0590,-0.0000,-157.9400
8178.867,-138.9282,2.9724,-69.7069,204.8979,-0.0028,201.9255,-0.0000,-158.0735
8228.098,-139.1367,2.9547,-69.9153,204.7474,-0.0028,201.7928,-0.0000,-158.2063
8277.625,-139.3452,2.9370,-70.1238,204.5979,-0.0027,201.6609,-0.0000,-158.3382
8327.450,-139.5537,2.9194,-70.3322,204.4492,-0.0026,201.5298,-0.0000,-158.4693
8377.575,-139.7622,2.9019,-70.5406,204.3015,-0.0026,201.3996,-0.0000,-158.5996
8428.001,-139.9707,2.8846,-70.7491,204.1547,-0.0025,201.2701,-0.0000,-158.7291
8478.731,-140.1792,2.8673,-70.9575,204.0087,-0.0025,201.1414,-0.0000,-158.8578
8529.767,-140.3877,2.8501,-71.1660,203.8637,-0.0024,201.0136,-0.0000,-158.9856
8581.110,-140.5962,2.8331,-71.3744,203.7196,-0.0023,200.8865,-0.0000,-159.1127
8632.762,-140.8047,2.8161,-71.5829,203.5763,-0.0023,200.7602,-0.0000,-159.2391
8684.724,-141.0132,2.7993,-71.7913,203.4340,-0.0022,200.6347,-0.0000,-159.3646
8737.000,-141.2217,2.7825,-71.9998,203.2925,-0.0022,200.5100,-0.0000,-159.4893
8789.590,-141.4302,2.7659,-72.2082,203.1519,-0.0021,200.3860,-0.0000,-159.6133
8842.496,-141.6387,2.7493,-72.4167,203.0121,-0.0021,200.2628,-0.0000,-159.7366
8895.722,-141.8472,2.7329,-72.6251,202.8732,-0.0020,200.1403,-0.0000,-159.8590
8949.267,-142.0557,2.7165,-72.8336,202.7352,-0.0020,200.0186,-0.0000,-159.9807
9003.135,-142.2642,2.7003,-73.0420,202.5980,-0.0019,199.8977,-0.0000,-160.1017
9057.327,-142.4727,2.6841,-73.2505,202.4616,-0.0019,199.7775,-0.0000,-160.2219
9111.845,-142.6812,2.6680,-73.4589,202.3261,-0.0018,199.6580,-0.0000,-160.3414
9166.692,-142.8897,2.6521,-73.6674,202.1914,-0.0018,199.5393,-0.0000,-160.4601
9221.868,-143.0982,2.6362,-73.8759,202.0575,-0.0018,199.4213,-0.0000,-160.5782
9277.377,-143.3067,2.6204,-74.0843,201.9245,-0.0017,199.3040,-0.0000,-160.6954
9333.220,-143.5152,2.6047,-74.2928,201.7922,-0.0017,199.1875,-0.0000,-160.8120
9389.398,-143.7237,2.5892,-74.5012,201.6608,-0.0016,199.0717,-0.0000,-160.9279
9445.915,-143.9322,2.5737,-74.7097,201.5302,-0.0016,198.9565,-0.0000,-161.0430
9502.773,-144.1407,2.5583,-74.9182,201.4004,-0.0016,198.8421,-0.0000,-161.1574
9559.972,-144.3492,2.5430,-75.1266,201.2714,-0.0015,198.7284,-0.0000,-161.2711
9617.516,-144.5577,2.5277,-75.3351,201.1431,-0.0015,198.6154,-0.0000,-161.3842
9675.406,-144.7662,2.5126,-75.5436,201.0157,-0.0015,198.5031,-0.0000,-161.4965
9733.645,-144.9747,2.4976,-75.7520,200.8890,-0.0014,198.3914,-0.0000,-161.6082
9792.234,-145.1832,2.4826,-75.9605,200.7631,-0.0014,198.2805,-0.0000,-161.7191
9851.176,-145.3917,2.4678,-76.1690,200.6380,-0.0014,198.1702,-0.0000,-161.8294
9910.472,-145.6002,2.4530,-76.3775,200.5136,-0.0013,198.0606,-0.0000,-161.9390
9970.126,-145.8088,2.4383,-76.5859,200.3900,-0.0013,197.9517,-0.0000,-162.0479
10030.139,-146.0173,2.4237,-76.7944,200.2672,-0.0013,197.8434,-0.0000,-162.1562
10090.512,-146.2258,2.4092,-77.0029,200.1451,-0.0012,197.7358,-0.0000,-162.2638
10151.250,-146.4343,2.3948,-77.2113,200.0237,-0.0012,197.6289,-0.0000,-162.3708
10212.352,-146.6428,2.3805,-77.4198,199.9031,-0.0012,197.5226,-0.0000,-162.4771
10273.823,-146.8513,2.3662,-77.6283,199.7832,-0.0011,197.4170,-0.0000,-162.5827
10335.664,-147.0598,2.3521,-77.8368,199.6641,-0.0011,197.3120,-0.0000,-162.6877
10397.877,-147.2683,2.3380,-78.0452,199.5457,-0.0011,197.2077,-0.0000,-162.7920
10460.464,-147.4768,2.3240,-78.2537,199.4280,-0.0011,197.1040,-0.0000,-162.8958
10523.428,-147.6853,2.3101,-78.4622,199.3110,-0.0010,197.0009,-0.0000,-162.9988
10586.771,-147.8938,2.2963,-78.6707,199.1947,-0.0010,196.8984,-0.0000,-163.1013
10650.495,-148.1023,2.2825,-78.8792,199.0792,-0.0010,196.7966,-0.0000,-163.2031
10714.603,-148.3108,2.2689,-79.0876,198.9643,-0.0010,196.6954,-0.0000,-163.3043
10779.097,-148.5193,2.2553,-79.2961,198.8502,-0.0009,196.5949,-0.0000,-163.4049
10843.979,-148.7278,2.2418,-79.5046,198.7367,-0.0009,196.4949,-0.0000,-163.5049
10909.252,-148.9363,2.2284,-79.7131,198.6239,-0.0009,196.3955,-0.0000,-163.6042
10974.917,-149.1448,2.2151,-79.9216,198.5118,-0.0009,196.2968,-0.0000,-163.7030
11040.978,-149.3533,2.2018,-80.1300,198.4004,-0.0009,196.1986,-0.0000,-163.8011
11107.436,-149.5618,2.1886,-80.3385,198.2897,-0.0008,196.1011,-0.0000,-163.8987
11174.294,-149.7703,2.1755,-80.5470,198.1797,-0.0008,196.0041,-0.0000,-163.9956
11241.555,-149.9788,2.1625,-80.7555,198.0703,-0.0008,195.9078,-0.0000,-164.0920
11309.221,-150.1873,2.1496,-80.9640,197.9616,-0.0008,195.8120,-0.0000,-164.1878
11377.294,-150.3958,2.1367,-81.1725,197.8535,-0.0008,195.7168,-0.0000,-164.2830
11445.776,-150.6043,2.1239,-81.3809,197.7461,-0.0007,195.6222,-0.0000,-164.3776
11514.671,-150.8128,2.1112,-81.5894,197.6394,-0.0007,195.5282,-0.0000,-164.4716
11583.981,-151.0213,2.0986,-81.7979,197.5333,-0.0007,195.4347,-0.0000,-164.5651
11653.708,-151.2298,2.0860,-82.0064,197.4279,-0.0007,195.3418,-0.0000,-164.6580
11723.854,-151.4383,2.0735,-82.2149,197.3230,-0.0007,195.2495,-0.0000,-164.7503
11794.423,-151.6468,2.0611,-82.4234,197.2189,-0.0007,195.1577,-0.0000,-164.8421
11865.416,-151.8553,2.0488,-82.6319,197.1153,-0.0006,195.0665,-0.0000,-164.9333
11936.837,-152.0638,2.0365,-82.8404,197.0124,-0.0006,194.9759,-0.0000,-165.0240
12008.688,-152.2723,2.0244,-83.0488,196.9101,-0.0006,194.8858,-0.0000,-165.1141
12080.971,-152.4808,2.0122,-83.2573,196.8085,-0.0006,194.7962,-0.0000,-165.2036
12153.689,-152.6893,2.0002,-83.4658,196.7074,-0.0006,194.7072,-0.0000,-165.2926
12226.845,-152.8979,1.9882,-83.6743,196.6070,-0.0006,194.6188,-0.0000,-165.3811
12300.442,-153.1064,1.9763,-83.8828,196.5072,-0.0006,194.5308,-0.0000,-165.4691
12374.481,-153.3149,1.9645,-84.0913,196.4079,-0.0005,194.4434,-0.0000,-165.5564
12448.966,-153.5234,1.9527,-84.2998,196.3093,-0.0005,194.3566,-0.0000,-165.6433
12523.899,-153.7319,1.9411,-84.5083,196.2113,-0.0005,194.2702,-0.0000,-165.7297
12599.284,-153.9404,1.9295,-84.7168,196.1139,-0.0005,194.1844,-0.0000,-165.8155
12675.122,-154.1489,1.9179,-84.9252,196.0170,-0.0005,194.0991,-0.0000,-165.9008
12751.417,-154.3574,1.9064,-85.1337,195.9208,-0.0005,194.0144,-0.0000,-165.9855
12828.170,-154.5659,1.8950,-85.3422,195.8251,-0.0005,193.9301,-0.0000,-166.0698
12905.386,-154.7744,1.8837,-85.5507,195.7300,-0.0005,193.8463,-0.0000,-166.1536
12983.067,-154.9829,1.8724,-85.7592,195.6355,-0.0004,193.7631,-0.0000,-166.2368
13061.215,-155.1914,1.8612,-85.9677,195.5416,-0.0004,193.6804,-0.0000,-166.3195
13139.834,-155.3999,1.8501,-86.1762,195.4482,-0.0004,193.5981,-0.0000,-166.4018
13218.926,-155.6084,1.8390,-86.3847,195.3554,-0.0004,193.5164,-0.0000,-166.4835
13298.493,-155.8169,1.8280,-86.5932,195.2632,-0.0004,193.4352,-0.0000,-166.5647
13378.540,-156.0254,1.8171,-86.8017,195.1715,-0.0004,193.3544,-0.0000,-166.6455
13459.069,-156.2339,1.8062,-87.0102,195.0804,-0.0004,193.2742,-0.0000,-166.7258
13540.082,-156.4424,1.7954,-87.2187,194.9898,-0.0004,193.1944,-0.0000,-166.8055
13621.583,-156.6509,1.7846,-87.4272,194.8997,-0.0004,193.1151,-0.0000,-166.8848
13703.575,-156.8594,1.7740,-87.6357,194.8103,-0.0004,193.0363,-0.0000,-166.9636
13786.060,-157.0679,1.7633,-87.8442,194.7213,-0.0004,192.9580,-0.0000,-167.0419
13869.042,-157.2764,1.7528,-88.0526,194.6329,-0.0003,192.8801,-0.0000,-167.1198
13952.523,-157.4849,1.7423,-88.2611,194.5450,-0.0003,192.8027,-0.0000,-167.1972
14036.507,-157.6934,1.7319,-88.4696,194.4577,-0.0003,192.7258,-0.0000,-167.2741
14120.996,-157.9019,1.7215,-88.6781,194.3709,-0.0003,192.6494,-0.0000,-167.3506
14205.993,-158.1104,1.7112,-88.8866,194.2846,-0.0003,192.5734,-0.0000,-167.4265
14291.503,-158.3189,1.7010,-89.0951,194.1988,-0.0003,192.4979,-0.0000,-167.5021
14377.527,-158.5274,1.6908,-89.3036,194.1136,-0.0003,192.4228,-0.0000,-167.5771
14464.068,-158.7359,1.6807,-89.5121,194.0289,-0.0003,192.3482,-0.0000,-167.6518
14551.131,-158.9444,1.6706,-89.7206,193.9447,-0.0003,192.2740,-0.0000,-167.7259
14638.718,-159.1529,1.6606,-89.9291,193.8609,-0.0003,192.2003,-0.0000,-167.7996
14726.832,-159.3614,1.6507,-90.1376,193.7777,-0.0003,192.1271,-0.0000,-167.8729
14815.476,-159.5699,1.6408,-90.3461,193.6950,-0.0003,192.0542,-0.0000,-167.9457
14904.654,-159.7785,1.6310,-90.5546,193.6128,-0.0003,191.9818,-0.0000,-168.0181
14994.369,-159.9870,1.6212,-90.7631,193.5311,-0.0003,191.9099,-0.0000,-168.0901
15084.624,-160.1955,1.6115,-90.9716,193.4499,-0.0002,191.8384,-0.0000,-168.1616
15175.422,-160.4040,1.6019,-91.1801,193.3692,-0.0002,191.7673,-0.0000,-168.2326
15266.766,-160.6125,1.5923,-91.3886,193.2890,-0.0002,191.6967,-0.0000,-168.3033
15358.661,-160.8210,1.5828,-91.5971,193.2092,-0.0002,191.6264,-0.0000,-168.3735
15451.108,-161.0295,1.5733,-91.8056,193.1299,-0.0002,191.5566,-0.0000,-168.4433
15544.112,-161.2380,1.5639,-92.0141,193.0512,-0.0002,191.4873,-0.0000,-168.5127
15637.676,-161.4465,1.5545,-92.2226,192.9728,-0.0002,191.4183,-0.0000,-168.5817
15731.803,-161.6550,1.5452,-92.4311,192.8950,-0.0002,191.3498,-0.0000,-168.6502
15826.496,-161.8635,1.5360,-92.6396,192.8176,-0.0002,191.2816,-0.0000,-168.7183
15921.760,-162.0720,1.5268,-92.8481,192.7407,-0.0002,191.2139,-0.0000,-168.7860
16017.597,-162.2805,1.5177,-93.0566,192.6643,-0.0002,191.1466,-0.0000,-168.8533
16114.011,-162.4890,1.5086,-93.2651,192.5883,-0.0002,191.0797,-0.0000,-168.9202
16211.005,-162.6975,1.4996,-93.4736,192.5128,-0.0002,191.0132,-0.0000,-168.9867
16308.583,-162.9060,1.4906,-93.6821,192.4377,-0.0002,190.9471,-0.0000,-169.0528
16406.748,-163.1145,1.4817,-93.8906,192.3631,-0.0002,190.8814,-0.0000,-169.1185
16505.504,-163.3230,1.4728,-94.0991,192.2889,-0.0002,190.8161,-0.0000,-169.1838
16604.855,-163.5315,1.4640,-94.3076,192.2152,-0.0002,190.7512,-0.0000,-169.2487
16704.803,-163.7400,1.4552,-94.5161,192.1419,-0.0002,190.6867,-0.0000,-169.3132
16805.354,-163.9485,1.4465,-94.7246,192.0691,-0.0002,190.6226,-0.0000,-169.3774
16906.509,-164.1570,1.4379,-94.9331,191.9967,-0.0002,190.5589,-0.0000,-169.4411
17008.274,-164.3655,1.4293,-95.1416,191.9248,-0.0002,190.4955,-0.0000,-169.5045
17110.650,-164.5740,1.4207,-95.3501,191.8532,-0.0001,190.4325,-0.0000,-169.5674
17213.644,-164.7825,1.4122,-95.5586,191.7822,-0.0001,190.3700,-0.0000,-169.6300
17317.257,-164.9910,1.4038,-95.7671,191.7115,-0.0001,190.3077,-0.0000,-169.6922
17421.493,-165.1995,1.3954,-95.9756,191.6413,-0.0001,190.2459,-0.0000,-169.7541
17526.358,-165.4080,1.3870,-96.1841,191.5714,-0.0001,190.1844,-0.0000,-169.8155
17631.853,-165.6165,1.3787,-96.3926,191.5021,-0.0001,190.1233,-0.0000,-169.8766
17737.983,-165.8250,1.3705,-96.6011,191.4331,-0.0001,190.0626,-0.0000,-169.9374
17844.753,-166.0335,1.3623,-96.8096,191.3645,-0.0001,190.0023,-0.0000,-169.9977
17952.165,-166.2420,1.3541,-97.0181,191.2964,-0.0001,189.9423,-0.0000,-170.0577
18060.223,-166.4505,1.3460,-97.2266,191.2286,-0.0001,189.8826,-0.0000,-170.1173
18168.932,-166.6591,1.3379,-97.4351,191.1613,-0.0001,189.8234,-0.0000,-170.1766
18278.295,-166.8676,1.3299,-97.6436,191.0944,-0.0001,189.7644,-0.0000,-170.2355
18388.317,-167.0761,1.3220,-97.8521,191.0279,-0.0001,189.7059,-0.0000,-170.2941
18499.000,-167.2846,1.3141,-98.0606,190.9617,-0.0001,189.6477,-0.0000,-170.3523
18610.350,-167.4931,1.3062,-98.2691,190.8960,-0.0001,189.5898,-0.0000,-170.4102
18722.370,-167.7016,1.2984,-98.4776,190.8307,-0.0001,189.5323,-0.0000,-170.4677
18835.065,-167.9101,1.2906,-98.6861,190.7658,-0.0001,189.4751,-0.0000,-170.5248
18948.438,-168.1186,1.2829,-98.8946,190.7012,-0.0001,189.4183,-0.0000,-170.5817
19062.493,-168.3271,1.2752,-99.1031,190.6371,-0.0001,189.3618,-0.0000,-170.6381
19177.235,-168.5356,1.2676,-99.3116,190.5733,-0.0001,189.3057,-0.0000,-170.6943
19292.667,-168.7441,1.2600,-99.5201,190.5099,-0.0001,189.2499,-0.0000,-170.7501
19408.794,-168.9526,1.2525,-99.7286,190.4469,-0.0001,189.1944,-0.0000,-170.8055
19525.621,-169.1611,1.2450,-99.9371,190.3843,-0.0001,189.1393,-0.0000,-170.8607
19643.150,-169.3696,1.2375,-100.1456,190.3221,-0.0001,189.0845,-0.0000,-170.9155
19761.387,-169.5781,1.2301,-100.3541,190.2602,-0.0001,189.0301,-0.0000,-170.9699
19880.335,-169.7866,1.2228,-100.5626,190.1987,-0.0001,188.9759,-0.0000,-171.0241
20000.000,-169.9951,1.2154,-100.7711,190.1376,-0.0001,188.9221,-0.0000,-171.0779
