freq_Hz,mk2_on_axis,mk2_LW,mk2_ER,mk2_SP,mk2_DI,mk2_PIR,mk3_on_axis,mk3_LW,mk3_ER,mk3_SP,mk3_DI,mk3_PIR
200.000,0.0000,-0.0096,-0.0602,-0.0481,0.0481,-0.0240,0.0000,-0.0096,-0.0602,-0.0481,0.0481,-0.0240
201.854,0.0000,-0.0096,-0.0608,-0.0486,0.0486,-0.0242,0.0000,-0.0096,-0.0607,-0.0485,0.0485,-0.0242
203.726,0.0000,-0.0097,-0.0614,-0.0490,0.0490,-0.0244,0.0000,-0.0097,-0.0613,-0.0490,0.0490,-0.0244
205.615,0.0000,-0.0098,-0.0620,-0.0495,0.0495,-0.0247,0.0000,-0.0098,-0.0619,-0.0495,0.0495,-0.0247
207.521,0.0000,-0.0099,-0.0626,-0.0500,0.0500,-0.0249,0.0000,-0.0099,-0.0625,-0.0500,0.0500,-0.0249
209.445,0.0000,-0.0100,-0.0632,-0.0505,0.0505,-0.0252,0.0000,-0.0100,-0.0632,-0.0505,0.0505,-0.0252
211.387,0.0000,-0.0101,-0.0638,-0.0510,0.0510,-0.0254,0.0000,-0.0101,-0.0638,-0.0510,0.0510,-0.0254
213.347,0.0000,-0.0102,-0.0645,-0.0515,0.0515,-0.0257,0.0000,-0.0102,-0.0645,-0.0515,0.0515,-0.0257
215.325,0.0000,-0.0103,-0.0652,-0.0521,0.0521,-0.0260,0.0000,-0.0103,-0.0651,-0.0520,0.0520,-0.0259
217.321,0.0000,-0.0105,-0.0658,-0.0526,0.0526,-0.0262,0.0000,-0.0104,-0.0658,-0.0526,0.0526,-0.0262
219.336,0.0000,-0.0106,-0.0665,-0.0532,0.0532,-0.0265,0.0000,-0.0106,-0.0665,-0.0531,0.0531,-0.0265
221.370,0.0000,-0.0107,-0.0673,-0.0537,0.0537,-0.0268,0.0000,-0.0107,-0.0672,-0.0537,0.0537,-0.0268
223.422,0.0000,-0.0108,-0.0680,-0.0543,0.0543,-0.0271,0.0000,-0.0108,-0.0680,-0.0543,0.0543,-0.0271
225.494,0.0000,-0.0109,-0.0687,-0.0549,0.0549,-0.0274,0.0000,-0.0109,-0.0687,-0.0549,0.0549,-0.0274
227.584,0.0000,-0.0110,-0.0695,-0.0555,0.0555,-0.0277,0.0000,-0.0110,-0.0695,-0.0555,0.0555,-0.0277
229.694,0.0000,-0.0112,-0.0703,-0.0562,0.0562,-0.0280,0.0000,-0.0112,-0.0702,-0.0561,0.0561,-0.0280
231.824,0.0000,-0.0113,-0.0711,-0.0568,0.0568,-0.0283,0.0000,-0.0113,-0.0710,-0.0568,0.0568,-0.0283
233.973,0.0000,-0.0114,-0.0719,-0.0574,0.0574,-0.0286,0.0000,-0.0114,-0.0719,-0.0574,0.0574,-0.0286
236.143,0.0000,-0.0115,-0.0727,-0.0581,0.0581,-0.0290,0.0000,-0.0115,-0.0727,-0.0581,0.0581,-0.0289
238.332,0.0000,-0.0117,-0.0736,-0.0588,0.0588,-0.0293,0.0000,-0.0117,-0.0735,-0.0588,0.0588,-0.0293
240.542,0.0000,-0.0118,-0.0745,-0.0595,0.0595,-0.0296,0.0000,-0.0118,-0.0744,-0.0595,0.0595,-0.0296
242.772,0.0000,-0.0120,-0.0754,-0.0602,0.0602,-0.0300,0.0000,-0.0120,-0.0753,-0.0602,0.0602,-0.0300
245.023,0.0000,-0.0121,-0.0763,-0.0609,0.0609,-0.0304,0.0000,-0.0121,-0.0762,-0.0609,0.0609,-0.0303
247.294,0.0000,-0.0123,-0.0772,-0.0617,0.0617,-0.0307,0.0000,-0.0122,-0.0772,-0.0616,0.0616,-0.0307
249.587,0.0000,-0.0124,-0.0782,-0.0625,0.0625,-0.0311,0.0000,-0.0124,-0.0781,-0.0624,0.0624,-0.0311
251.901,0.0000,-0.0126,-0.0792,-0.0632,0.0632,-0.0315,0.0000,-0.0126,-0.0791,-0.0632,0.0632,-0.0315
254.237,0.0000,-0.0127,-0.0802,-0.0641,0.0641,-0.0319,0.0000,-0.0127,-0.0801,-0.0640,0.0640,-0.0319
256.594,0.0000,-0.0129,-0.0812,-0.0649,0.0649,-0.0323,0.0000,-0.0129,-0.0811,-0.0648,0.0648,-0.0323
258.973,0.0000,-0.0131,-0.0823,-0.0657,0.0657,-0.0327,0.0000,-0.0130,-0.0822,-0.0657,0.0657,-0.0327
261.374,0.0000,-0.0132,-0.0833,-0.0666,0.0666,-0.0332,0.0000,-0.0132,-0.0833,-0.0665,0.0665,-0.0331
263.797,0.0000,-0.0134,-0.0844,-0.0675,0.0675,-0.0336,0.0000,-0.0134,-0.0844,-0.0674,0.0674,-0.0336
266.243,0.0000,-0.0136,-0.0856,-0.0684,0.0684,-0.0340,0.0000,-0.0136,-0.0855,-0.0683,0.0683,-0.0340
268.712,0.0000,-0.0138,-0.0867,-0.0693,0.0693,-0.0345,0.0000,-0.0137,-0.0866,-0.0692,0.0692,-0.0345
271.203,0.0000,-0.0140,-0.0879,-0.0702,0.0702,-0.0350,0.0000,-0.0139,-0.0878,-0.0701,0.0701,-0.0349
273.717,0.0000,-0.0141,-0.0891,-0.0712,0.0712,-0.0354,0.0000,-0.0141,-0.0890,-0.0711,0.0711,-0.0354
276.255,0.0000,-0.0143,-0.0904,-0.0722,0.0722,-0.0359,0.0000,-0.0143,-0.0902,-0.0721,0.0721,-0.0359
278.817,0.0000,-0.0145,-0.0916,-0.0732,0.0732,-0.0364,0.0000,-0.0145,-0.0915,-0.0731,0.0731,-0.0364
281.402,0.0000,-0.0147,-0.0929,-0.0742,0.0742,-0.0369,0.0000,-0.0147,-0.0928,-0.0741,0.0741,-0.0369
284.011,0.0000,-0.0150,-0.0942,-0.0753,0.0753,-0.0375,0.0000,-0.0149,-0.0941,-0.0752,0.0752,-0.0374
286.644,0.0000,-0.0152,-0.0956,-0.0763,0.0763,-0.0380,0.0000,-0.0151,-0.0954,-0.0762,0.0762,-0.0379
289.301,0.0000,-0.0154,-0.0970,-0.0774,0.0774,-0.0386,0.0000,-0.0154,-0.0968,-0.0773,0.0773,-0.0385
291.984,0.0000,-0.0156,-0.0984,-0.0786,0.0786,-0.0391,0.0000,-0.0156,-0.0982,-0.0784,0.0784,-0.0390
294.691,0.0000,-0.0158,-0.0998,-0.0797,0.0797,-0.0397,0.0000,-0.0158,-0.0997,-0.0796,0.0796,-0.0396
297.423,0.0000,-0.0161,-0.1013,-0.0809,0.0809,-0.0403,0.0000,-0.0160,-0.1011,-0.0808,0.0808,-0.0402
300.181,0.0000,-0.0163,-0.1028,-0.0821,0.0821,-0.0409,0.0000,-0.0163,-0.1026,-0.0819,0.0819,-0.0408
302.964,0.0000,-0.0166,-0.1044,-0.0833,0.0833,-0.0415,0.0000,-0.0165,-0.1041,-0.0832,0.0832,-0.0414
305.773,0.0000,-0.0168,-0.1059,-0.0846,0.0846,-0.0421,0.0000,-0.0168,-0.1057,-0.0844,0.0844,-0.0420
308.608,0.0000,-0.0171,-0.1075,-0.0859,0.0859,-0.0427,0.0000,-0.0170,-0.1073,-0.0857,0.0857,-0.0426
311.469,0.0000,-0.0173,-0.1092,-0.0872,0.0872,-0.0434,0.0000,-0.0173,-0.1089,-0.0870,0.0870,-0.0433
314.357,0.0000,-0.0176,-0.1109,-0.0885,0.0885,-0.0440,0.0000,-0.0175,-0.1106,-0.0883,0.0883,-0.0439
317.271,0.0000,-0.0179,-0.1126,-0.0899,0.0899,-0.0447,0.0000,-0.0178,-0.1123,-0.0897,0.0897,-0.0446
320.213,0.0000,-0.0181,-0.1143,-0.0913,0.0913,-0.0454,0.0000,-0.0181,-0.1140,-0.0910,0.0910,-0.0453
323.182,0.0000,-0.0184,-0.1161,-0.0927,0.0927,-0.0461,0.0000,-0.0184,-0.1158,-0.0924,0.0924,-0.0460
326.178,0.0000,-0.0187,-0.1179,-0.0941,0.0941,-0.0468,0.0000,-0.0187,-0.1176,-0.0939,0.0939,-0.0467
329.202,0.0000,-0.0190,-0.1198,-0.0956,0.0956,-0.0476,0.0000,-0.0189,-0.1195,-0.0954,0.0954,-0.0474
332.255,0.0000,-0.0193,-0.1217,-0.0971,0.0971,-0.0483,0.0000,-0.0192,-0.1213,-0.0969,0.0969,-0.0482
335.335,0.0000,-0.0196,-0.1236,-0.0987,0.0987,-0.0491,0.0000,-0.0195,-0.1233,-0.0984,0.0984,-0.0489
338.444,0.0000,-0.0199,-0.1256,-0.1003,0.1003,-0.0498,0.0000,-0.0199,-0.1252,-0.0999,0.0999,-0.0497
341.582,0.0000,-0.0202,-0.1276,-0.1019,0.1019,-0.0506,0.0000,-0.0202,-0.1272,-0.1015,0.1015,-0.0505
344.749,0.0000,-0.0206,-0.1297,-0.1035,0.1035,-0.0514,0.0000,-0.0205,-0.1292,-0.1032,0.1032,-0.0513
347.945,0.0000,-0.0209,-0.1318,-0.1052,0.1052,-0.0523,0.0000,-0.0208,-0.1313,-0.1048,0.1048,-0.0521
351.171,0.0000,-0.0212,-0.1339,-0.1069,0.1069,-0.0531,0.0000,-0.0212,-0.1334,-0.1065,0.1065,-0.0529
354.427,0.0000,-0.0216,-0.1361,-0.1086,0.1086,-0.0540,0.0000,-0.0215,-0.1356,-0.1082,0.1082,-0.0538
357.713,0.0000,-0.0219,-0.1384,-0.1104,0.1104,-0.0549,0.0000,-0.0218,-0.1378,-0.1100,0.1100,-0.0546
361.030,0.0000,-0.0223,-0.1406,-0.1122,0.1122,-0.0558,0.0000,-0.0222,-0.1401,-0.1118,0.1118,-0.0555
364.377,0.0000,-0.0227,-0.1430,-0.1141,0.1141,-0.0567,0.0000,-0.0226,-0.1423,-0.1136,0.1136,-0.0564
367.755,0.0000,-0.0230,-0.1453,-0.1160,0.1160,-0.0576,0.0000,-0.0229,-0.1447,-0.1154,0.1154,-0.0573
371.165,0.0000,-0.0234,-0.1478,-0.1179,0.1179,-0.0585,0.0000,-0.0233,-0.1471,-0.1173,0.1173,-0.0583
374.606,0.0000,-0.0238,-0.1502,-0.1198,0.1198,-0.0595,0.0000,-0.0237,-0.1495,-0.1193,0.1193,-0.0592
378.079,0.0000,-0.0242,-0.1527,-0.1218,0.1218,-0.0605,0.0000,-0.0241,-0.1520,-0.1212,0.1212,-0.0602
381.585,0.0000,-0.0246,-0.1553,-0.1239,0.1239,-0.0615,0.0000,-0.0245,-0.1545,-0.1232,0.1232,-0.0612
385.123,0.0000,-0.0250,-0.1579,-0.1260,0.1260,-0.0625,0.0000,-0.0249,-0.1570,-0.1253,0.1253,-0.0622
388.693,0.0000,-0.0254,-0.1606,-0.1281,0.1281,-0.0636,0.0000,-0.0253,-0.1597,-0.1274,0.1274,-0.0632
392.297,0.0000,-0.0259,-0.1633,-0.1302,0.1302,-0.0646,0.0000,-0.0257,-0.1623,-0.1295,0.1295,-0.0643
395.934,0.0000,-0.0263,-0.1660,-0.1324,0.1324,-0.0657,0.0000,-0.0261,-0.1650,-0.1316,0.1316,-0.0653
399.605,0.0000,-0.0268,-0.1689,-0.1347,0.1347,-0.0668,0.0000,-0.0266,-0.1678,-0.1338,0.1338,-0.0664
403.310,0.0000,-0.0272,-0.1717,-0.1369,0.1369,-0.0679,0.0000,-0.0270,-0.1706,-0.1360,0.1360,-0.0675
407.050,0.0000,-0.0277,-0.1746,-0.1393,0.1393,-0.0691,0.0000,-0.0275,-0.1734,-0.1383,0.1383,-0.0686
410.823,0.0000,-0.0281,-0.1776,-0.1416,0.1416,-0.0702,0.0000,-0.0279,-0.1764,-0.1406,0.1406,-0.0697
414.632,0.0000,-0.0286,-0.1807,-0.1440,0.1440,-0.0714,0.0000,-0.0284,-0.1793,-0.1430,0.1430,-0.0709
418.477,0.0000,-0.0291,-0.1837,-0.1465,0.1465,-0.0726,0.0000,-0.0289,-0.1823,-0.1454,0.1454,-0.0721
422.357,0.0000,-0.0296,-0.1869,-0.1490,0.1490,-0.0739,0.0000,-0.0294,-0.1854,-0.1478,0.1478,-0.0733
426.272,0.0000,-0.0301,-0.1901,-0.1516,0.1516,-0.0751,0.0000,-0.0299,-0.1885,-0.1503,0.1503,-0.0745
430.225,0.0000,-0.0306,-0.1934,-0.1541,0.1541,-0.0764,0.0000,-0.0304,-0.1917,-0.1528,0.1528,-0.0757
434.214,0.0000,-0.0311,-0.1967,-0.1568,0.1568,-0.0777,0.0000,-0.0309,-0.1949,-0.1554,0.1554,-0.0770
438.239,0.0000,-0.0317,-0.2001,-0.1595,0.1595,-0.0790,0.0000,-0.0314,-0.1982,-0.1580,0.1580,-0.0783
442.302,0.0000,-0.0322,-0.2035,-0.1622,0.1622,-0.0803,0.0000,-0.0319,-0.2016,-0.1607,0.1607,-0.0796
446.403,0.0000,-0.0328,-0.2070,-0.1650,0.1650,-0.0817,0.0000,-0.0325,-0.2050,-0.1634,0.1634,-0.0809
450.542,0.0000,-0.0333,-0.2106,-0.1678,0.1678,-0.0831,0.0000,-0.0330,-0.2084,-0.1661,0.1661,-0.0823
454.719,0.0000,-0.0339,-0.2142,-0.1707,0.1707,-0.0845,0.0000,-0.0336,-0.2119,-0.1689,0.1689,-0.0836
458.935,0.0000,-0.0345,-0.2179,-0.1736,0.1736,-0.0860,0.0000,-0.0341,-0.2155,-0.1717,0.1717,-0.0850
463.190,0.0000,-0.0351,-0.2217,-0.1766,0.1766,-0.0874,0.0000,-0.0347,-0.2191,-0.1746,0.1746,-0.0864
467.485,0.0000,-0.0357,-0.2255,-0.1797,0.1797,-0.0889,0.0000,-0.0353,-0.2228,-0.1775,0.1775,-0.0879
471.819,0.0000,-0.0363,-0.2294,-0.1828,0.1828,-0.0904,0.0000,-0.0359,-0.2266,-0.1805,0.1805,-0.0893
476.194,0.0000,-0.0369,-0.2334,-0.1859,0.1859,-0.0920,0.0000,-0.0365,-0.2304,-0.1835,0.1835,-0.0908
480.609,0.0000,-0.0376,-0.2374,-0.1891,0.1891,-0.0935,0.0000,-0.0371,-0.2342,-0.1866,0.1866,-0.0923
485.065,0.0000,-0.0382,-0.2415,-0.1923,0.1923,-0.0951,0.0000,-0.0377,-0.2382,-0.1897,0.1897,-0.0938
489.562,0.0000,-0.0389,-0.2457,-0.1957,0.1957,-0.0967,0.0000,-0.0383,-0.2422,-0.1929,0.1929,-0.0954
494.101,0.0000,-0.0395,-0.2499,-0.1990,0.1990,-0.0984,0.0000,-0.0390,-0.2462,-0.1961,0.1961,-0.0969
498.682,0.0000,-0.0402,-0.2542,-0.2024,0.2024,-0.1000,0.0000,-0.0396,-0.2503,-0.1993,0.1993,-0.0985
503.305,0.0000,-0.0409,-0.2586,-0.2059,0.2059,-0.1017,0.0000,-0.0403,-0.2545,-0.2026,0.2026,-0.1001
507.972,0.0000,-0.0416,-0.2631,-0.2094,0.2094,-0.1035,0.0000,-0.0409,-0.2587,-0.2060,0.2060,-0.1018
512.681,0.0000,-0.0423,-0.2676,-0.2130,0.2130,-0.1052,0.0000,-0.0416,-0.2630,-0.2094,0.2094,-0.1034
517.435,0.0000,-0.0430,-0.2722,-0.2167,0.2167,-0.1070,0.0000,-0.0423,-0.2674,-0.2128,0.2128,-0.1051
522.232,0.0000,-0.0438,-0.2769,-0.2204,0.2204,-0.1088,0.0000,-0.0430,-0.2718,-0.2163,0.2163,-0.1068
527.074,0.0000,-0.0445,-0.2816,-0.2241,0.2241,-0.1106,0.0000,-0.0437,-0.2762,-0.2199,0.2199,-0.1085
531.961,0.0000,-0.0453,-0.2864,-0.2280,0.2280,-0.1125,0.0000,-0.0444,-0.2808,-0.2235,0.2235,-0.1103
536.893,0.0000,-0.0461,-0.2913,-0.2318,0.2318,-0.1144,0.0000,-0.0451,-0.2854,-0.2271,0.2271,-0.1121
541.871,0.0000,-0.0468,-0.2963,-0.2358,0.2358,-0.1163,0.0000,-0.0459,-0.2900,-0.2308,0.2308,-0.1139
546.895,0.0000,-0.0476,-0.3014,-0.2398,0.2398,-0.1182,0.0000,-0.0466,-0.2948,-0.2345,0.2345,-0.1157
551.965,0.0000,-0.0484,-0.3065,-0.2438,0.2438,-0.1202,0.0000,-0.0474,-0.2995,-0.2383,0.2383,-0.1175
557.083,0.0000,-0.0493,-0.3117,-0.2479,0.2479,-0.1222,0.0000,-0.0481,-0.3044,-0.2421,0.2421,-0.1194
562.248,0.0000,-0.0501,-0.3170,-0.2521,0.2521,-0.1242,0.0000,-0.0489,-0.3093,-0.2460,0.2460,-0.1213
567.461,0.0000,-0.0509,-0.3224,-0.2564,0.2564,-0.1263,0.0000,-0.0497,-0.3142,-0.2499,0.2499,-0.1232
572.722,0.0000,-0.0518,-0.3278,-0.2607,0.2607,-0.1284,0.0000,-0.0505,-0.3192,-0.2539,0.2539,-0.1251
578.032,0.0000,-0.0527,-0.3333,-0.2650,0.2650,-0.1305,0.0000,-0.0513,-0.3243,-0.2579,0.2579,-0.1270
583.391,0.0000,-0.0535,-0.3389,-0.2695,0.2695,-0.1326,0.0000,-0.0521,-0.3294,-0.2620,0.2620,-0.1290
588.800,0.0000,-0.0544,-0.3446,-0.2740,0.2740,-0.1348,0.0000,-0.0529,-0.3346,-0.2660,0.2660,-0.1310
594.259,0.0000,-0.0553,-0.3504,-0.2785,0.2785,-0.1370,0.0000,-0.0537,-0.3398,-0.2702,0.2702,-0.1330
599.769,0.0000,-0.0563,-0.3562,-0.2831,0.2831,-0.1392,0.0000,-0.0545,-0.3451,-0.2744,0.2744,-0.1350
605.330,0.0000,-0.0572,-0.3621,-0.2878,0.2878,-0.1415,0.0000,-0.0554,-0.3505,-0.2786,0.2786,-0.1371
610.942,0.0000,-0.0581,-0.3681,-0.2925,0.2925,-0.1438,0.0000,-0.0562,-0.3559,-0.2828,0.2828,-0.1391
616.606,0.0000,-0.0591,-0.3742,-0.2973,0.2973,-0.1461,0.0000,-0.0571,-0.3613,-0.2871,0.2871,-0.1412
622.323,0.0000,-0.0600,-0.3804,-0.3022,0.3022,-0.1484,0.0000,-0.0579,-0.3668,-0.2914,0.2914,-0.1433
628.093,0.0000,-0.0610,-0.3866,-0.3071,0.3071,-0.1508,0.0000,-0.0588,-0.3723,-0.2958,0.2958,-0.1454
633.916,0.0000,-0.0620,-0.3929,-0.3120,0.3120,-0.1532,0.0000,-0.0597,-0.3779,-0.3002,0.3002,-0.1475
639.794,0.0000,-0.0630,-0.3993,-0.3171,0.3171,-0.1556,0.0000,-0.0606,-0.3835,-0.3046,0.3046,-0.1496
645.726,0.0000,-0.0640,-0.4057,-0.3221,0.3221,-0.1581,0.0000,-0.0615,-0.3891,-0.3091,0.3091,-0.1518
651.712,0.0000,-0.0651,-0.4122,-0.3273,0.3273,-0.1606,0.0000,-0.0624,-0.3948,-0.3136,0.3136,-0.1540
657.755,0.0000,-0.0661,-0.4188,-0.3325,0.3325,-0.1631,0.0000,-0.0633,-0.4006,-0.3181,0.3181,-0.1561
663.853,0.0000,-0.0671,-0.4255,-0.3377,0.3377,-0.1656,0.0000,-0.0642,-0.4063,-0.3226,0.3226,-0.1583
670.008,0.0000,-0.0682,-0.4323,-0.3431,0.3431,-0.1681,0.0000,-0.0651,-0.4121,-0.3272,0.3272,-0.1605
676.220,0.0000,-0.0693,-0.4391,-0.3484,0.3484,-0.1707,0.0000,-0.0660,-0.4179,-0.3318,0.3318,-0.1627
682.490,0.0000,-0.0703,-0.4459,-0.3538,0.3538,-0.1733,0.0000,-0.0669,-0.4237,-0.3364,0.3364,-0.1649
688.817,0.0000,-0.0714,-0.4529,-0.3593,0.3593,-0.1759,0.0000,-0.0678,-0.4296,-0.3410,0.3410,-0.1671
695.204,0.0000,-0.0725,-0.4599,-0.3648,0.3648,-0.1786,0.0000,-0.0688,-0.4355,-0.3456,0.3456,-0.1694
701.649,0.0000,-0.0737,-0.4670,-0.3704,0.3704,-0.1812,0.0000,-0.0697,-0.4414,-0.3503,0.3503,-0.1716
708.155,0.0000,-0.0748,-0.4741,-0.3760,0.3760,-0.1839,0.0000,-0.0706,-0.4473,-0.3549,0.3549,-0.1738
714.720,0.0000,-0.0759,-0.4813,-0.3816,0.3816,-0.1866,0.0000,-0.0716,-0.4532,-0.3595,0.3595,-0.1761
721.347,0.0000,-0.0770,-0.4885,-0.3873,0.3873,-0.1893,0.0000,-0.0725,-0.4591,-0.3642,0.3642,-0.1783
728.035,0.0000,-0.0782,-0.4958,-0.3930,0.3930,-0.1921,0.0000,-0.0734,-0.4650,-0.3688,0.3688,-0.1805
734.785,0.0000,-0.0793,-0.5032,-0.3988,0.3988,-0.1948,0.0000,-0.0744,-0.4709,-0.3735,0.3735,-0.1827
741.598,0.0000,-0.0805,-0.5106,-0.4046,0.4046,-0.1976,0.0000,-0.0753,-0.4768,-0.3781,0.3781,-0.1849
748.473,0.0000,-0.0817,-0.5180,-0.4105,0.4105,-0.2004,0.0000,-0.0762,-0.4826,-0.3827,0.3827,-0.1872
755.413,0.0000,-0.0828,-0.5255,-0.4163,0.4163,-0.2032,0.0000,-0.0771,-0.4885,-0.3873,0.3873,-0.1894
762.417,0.0000,-0.0840,-0.5330,-0.4222,0.4222,-0.2060,0.0000,-0.0781,-0.4943,-0.3919,0.3919,-0.1915
769.485,0.0000,-0.0852,-0.5405,-0.4281,0.4281,-0.2088,0.0000,-0.0790,-0.5001,-0.3965,0.3965,-0.1937
776.620,0.0000,-0.0864,-0.5481,-0.4341,0.4341,-0.2116,0.0000,-0.0799,-0.5059,-0.4010,0.4010,-0.1959
783.820,0.0000,-0.0876,-0.5557,-0.4400,0.4400,-0.2144,0.0000,-0.0808,-0.5116,-0.4055,0.4055,-0.1980
791.087,0.0000,-0.0888,-0.5633,-0.4460,0.4460,-0.2173,0.0000,-0.0817,-0.5173,-0.4100,0.4100,-0.2002
798.422,0.0000,-0.0900,-0.5710,-0.4520,0.4520,-0.2201,0.0000,-0.0826,-0.5229,-0.4144,0.4144,-0.2023
805.824,0.0000,-0.0912,-0.5786,-0.4580,0.4580,-0.2230,0.0000,-0.0835,-0.5285,-0.4188,0.4188,-0.2043
813.296,0.0000,-0.0924,-0.5863,-0.4640,0.4640,-0.2258,0.0000,-0.0844,-0.5340,-0.4231,0.4231,-0.2064
820.836,0.0000,-0.0936,-0.5939,-0.4700,0.4700,-0.2286,0.0000,-0.0852,-0.5395,-0.4274,0.4274,-0.2084
828.446,0.0000,-0.0948,-0.6016,-0.4760,0.4760,-0.2315,0.0000,-0.0861,-0.5449,-0.4316,0.4316,-0.2105
836.127,0.0000,-0.0960,-0.6092,-0.4819,0.4819,-0.2343,0.0000,-0.0870,-0.5502,-0.4358,0.4358,-0.2124
843.880,0.0000,-0.0972,-0.6168,-0.4879,0.4879,-0.2371,0.0000,-0.0878,-0.5554,-0.4399,0.4399,-0.2144
851.704,0.0000,-0.0984,-0.6244,-0.4938,0.4938,-0.2399,0.0000,-0.0886,-0.5605,-0.4439,0.4439,-0.2163
859.600,0.0000,-0.0996,-0.6320,-0.4998,0.4998,-0.2427,0.0000,-0.0894,-0.5655,-0.4479,0.4479,-0.2182
867.570,0.0000,-0.1008,-0.6395,-0.5057,0.5057,-0.2455,0.0000,-0.0902,-0.5705,-0.4517,0.4517,-0.2200
875.614,0.0000,-0.1020,-0.6470,-0.5115,0.5115,-0.2482,0.0000,-0.0910,-0.5753,-0.4555,0.4555,-0.2218
883.732,0.0000,-0.1032,-0.6545,-0.5173,0.5173,-0.2510,0.0000,-0.0918,-0.5800,-0.4592,0.4592,-0.2235
891.926,0.0000,-0.1044,-0.6618,-0.5231,0.5231,-0.2537,0.0000,-0.0925,-0.5846,-0.4628,0.4628,-0.2252
900.195,0.0000,-0.1055,-0.6692,-0.5288,0.5288,-0.2564,0.0000,-0.0932,-0.5890,-0.4663,0.4663,-0.2269
908.541,0.0000,-0.1067,-0.6764,-0.5345,0.5345,-0.2590,0.0000,-0.0939,-0.5934,-0.4697,0.4697,-0.2285
916.965,0.0000,-0.1078,-0.6836,-0.5401,0.5401,-0.2617,0.0000,-0.0946,-0.5976,-0.4730,0.4730,-0.2301
925.466,0.0000,-0.1090,-0.6907,-0.5457,0.5457,-0.2643,0.0000,-0.0953,-0.6016,-0.4762,0.4762,-0.2316
934.047,0.0000,-0.1101,-0.6977,-0.5512,0.5512,-0.2668,0.0000,-0.0959,-0.6055,-0.4793,0.4793,-0.2330
942.707,0.0000,-0.1112,-0.7047,-0.5566,0.5566,-0.2694,0.0000,-0.0966,-0.6093,-0.4822,0.4822,-0.2344
951.447,0.0000,-0.1123,-0.7115,-0.5619,0.5619,-0.2719,0.0000,-0.0972,-0.6129,-0.4851,0.4851,-0.2358
960.269,0.0000,-0.1134,-0.7182,-0.5671,0.5671,-0.2743,0.0000,-0.0977,-0.6163,-0.4878,0.4878,-0.2370
969.172,0.0000,-0.1144,-0.7247,-0.5722,0.5722,-0.2767,0.0000,-0.0983,-0.6196,-0.4904,0.4904,-0.2383
978.157,0.0000,-0.1155,-0.7312,-0.5773,0.5773,-0.2791,0.0000,-0.0988,-0.6227,-0.4928,0.4928,-0.2394
987.226,0.0000,-0.1165,-0.7375,-0.5822,0.5822,-0.2813,0.0000,-0.0993,-0.6257,-0.4951,0.4951,-0.2405
996.380,0.0000,-0.1175,-0.7436,-0.5870,0.5870,-0.2836,0.0000,-0.0998,-0.6284,-0.4973,0.4973,-0.2415
1005.617,0.0000,-0.1185,-0.7496,-0.5917,0.5917,-0.2858,0.0000,-0.1002,-0.6310,-0.4993,0.4993,-0.2425
1014.941,0.0000,-0.1194,-0.7555,-0.5963,0.5963,-0.2879,0.0000,-0.1007,-0.6334,-0.5012,0.5012,-0.2434
1024.351,0.0000,-0.1204,-0.7612,-0.6007,0.6007,-0.2900,0.0000,-0.1011,-0.6356,-0.5030,0.5030,-0.2442
1033.848,0.0000,-0.1213,-0.7667,-0.6050,0.6050,-0.2920,0.0000,-0.1014,-0.6377,-0.5046,0.5046,-0.2450
1043.434,0.0000,-0.1221,-0.7720,-0.6092,0.6092,-0.2939,0.0000,-0.1018,-0.6395,-0.5060,0.5060,-0.2457
1053.108,0.0000,-0.1230,-0.7772,-0.6132,0.6132,-0.2958,0.0000,-0.1021,-0.6411,-0.5074,0.5074,-0.2463
1062.872,0.0000,-0.1238,-0.7821,-0.6171,0.6171,-0.2976,0.0000,-0.1024,-0.6426,-0.5085,0.5085,-0.2468
1072.726,0.0000,-0.1246,-0.7868,-0.6208,0.6208,-0.2993,0.0000,-0.1026,-0.6438,-0.5095,0.5095,-0.2473
1082.672,0.0000,-0.1254,-0.7914,-0.6243,0.6243,-0.3009,0.0000,-0.1028,-0.6449,-0.5104,0.5104,-0.2477
1092.710,0.0000,-0.1261,-0.7957,-0.6277,0.6277,-0.3025,0.0000,-0.1030,-0.6458,-0.5111,0.5111,-0.2480
1102.841,0.0000,-0.1268,-0.7998,-0.6309,0.6309,-0.3040,0.0000,-0.1033,-0.6467,-0.5119,0.5119,-0.2484
1113.066,0.0000,-0.1275,-0.8037,-0.6340,0.6340,-0.3054,0.0000,-0.1043,-0.6522,-0.5166,0.5166,-0.2506
1123.386,0.0000,-0.1281,-0.8073,-0.6368,0.6368,-0.3067,0.0000,-0.1064,-0.6641,-0.5272,0.5272,-0.2556
1133.801,0.0000,-0.1288,-0.8107,-0.6395,0.6395,-0.3080,0.0000,-0.1098,-0.6829,-0.5438,0.5438,-0.2634
1144.314,0.0000,-0.1293,-0.8139,-0.6420,0.6420,-0.3091,0.0000,-0.1144,-0.7091,-0.5669,0.5669,-0.2742
1154.923,0.0000,-0.1299,-0.8168,-0.6443,0.6443,-0.3102,0.0000,-0.1204,-0.7430,-0.5968,0.5968,-0.2882
1165.631,0.0000,-0.1304,-0.8195,-0.6464,0.6464,-0.3112,0.0000,-0.1279,-0.7853,-0.6341,0.6341,-0.3055
1176.438,0.0000,-0.1308,-0.8220,-0.6484,0.6484,-0.3121,0.0000,-0.1368,-0.8364,-0.6790,0.6790,-0.3262
1187.345,0.0000,-0.1313,-0.8241,-0.6501,0.6501,-0.3129,0.0000,-0.1473,-0.8970,-0.7321,0.7321,-0.3506
1198.354,0.0000,-0.1316,-0.8261,-0.6516,0.6516,-0.3136,0.0000,-0.1594,-0.9675,-0.7938,0.7938,-0.3788
1209.464,0.0000,-0.1320,-0.8278,-0.6530,0.6530,-0.3142,0.0000,-0.1732,-1.0488,-0.8648,0.8648,-0.4109
1220.678,0.0000,-0.1323,-0.8292,-0.6541,0.6541,-0.3148,0.0000,-0.1889,-1.1415,-0.9454,0.9454,-0.4470
1231.996,0.0000,-0.1326,-0.8304,-0.6551,0.6551,-0.3152,0.0000,-0.2064,-1.2463,-1.0362,1.0362,-0.4873
1243.418,0.0000,-0.1328,-0.8313,-0.6558,0.6558,-0.3155,0.0000,-0.2258,-1.3641,-1.1379,1.1379,-0.5318
1254.946,0.0000,-0.1332,-0.8326,-0.6570,0.6570,-0.3161,0.0000,-0.2472,-1.4956,-1.2511,1.2511,-0.5806
1266.582,0.0000,-0.1345,-0.8400,-0.6634,0.6634,-0.3191,0.0000,-0.2706,-1.6419,-1.3762,1.3762,-0.6338
1278.325,0.0000,-0.1372,-0.8551,-0.6767,0.6767,-0.3252,0.0000,-0.2962,-1.8037,-1.5140,1.5140,-0.6914
1290.177,0.0000,-0.1413,-0.8784,-0.6971,0.6971,-0.3346,0.0000,-0.3239,-1.9822,-1.6650,1.6650,-0.7532
1302.139,0.0000,-0.1469,-0.9104,-0.7251,0.7251,-0.3474,0.0000,-0.3537,-2.1781,-1.8299,1.8299,-0.8193
1314.212,0.0000,-0.1541,-0.9517,-0.7612,0.7612,-0.3639,0.0000,-0.3858,-2.3927,-2.0091,2.0091,-0.8894
1326.396,0.0000,-0.1629,-1.0031,-0.8059,0.8059,-0.3843,0.0000,-0.4200,-2.6270,-2.2033,2.2033,-0.9634
1338.694,0.0000,-0.1735,-1.0651,-0.8598,0.8598,-0.4087,0.0000,-0.4564,-2.8819,-2.4129,2.4129,-1.0410
1351.106,0.0000,-0.1859,-1.1385,-0.9235,0.9235,-0.4372,0.0000,-0.4950,-3.1586,-2.6382,2.6382,-1.1218
1363.632,0.0000,-0.2002,-1.2242,-0.9975,0.9975,-0.4702,0.0000,-0.5356,-3.4581,-2.8796,2.8796,-1.2054
1376.275,0.0000,-0.2166,-1.3231,-1.0826,1.0826,-0.5077,0.0000,-0.5781,-3.7814,-3.1372,3.1372,-1.2913
1389.036,0.0000,-0.2351,-1.4360,-1.1794,1.1794,-0.5498,0.0000,-0.6226,-4.1295,-3.4110,3.4110,-1.3789
1401.914,0.0000,-0.2557,-1.5640,-1.2887,1.2887,-0.5967,0.0000,-0.6687,-4.5032,-3.7008,3.7008,-1.4676
1414.912,0.0000,-0.2786,-1.7081,-1.4111,1.4111,-0.6485,0.0000,-0.7164,-4.9032,-4.0060,4.0060,-1.5566
1428.030,0.0000,-0.3039,-1.8696,-1.5475,1.5475,-0.7052,0.0000,-0.7654,-5.3301,-4.3260,4.3260,-1.6453
1441.270,0.0000,-0.3316,-2.0495,-1.6985,1.6985,-0.7668,0.0000,-0.8156,-5.7843,-4.6598,4.6598,-1.7328
1454.633,0.0000,-0.3617,-2.2491,-1.8650,1.8650,-0.8331,0.0000,-0.8665,-6.2660,-5.0058,5.0058,-1.8184
1468.120,0.0000,-0.3944,-2.4697,-2.0476,2.0476,-0.9042,0.0000,-0.9179,-6.7749,-5.3623,5.3623,-1.9013
1481.731,0.0000,-0.4295,-2.7126,-2.2469,2.2469,-0.9797,0.0000,-0.9695,-7.3105,-5.7271,5.7271,-1.9809
1495.469,0.0000,-0.4671,-2.9792,-2.4636,2.4636,-1.0594,0.0000,-1.0209,-7.8718,-6.0975,6.0975,-2.0565
1509.335,0.0000,-0.5072,-3.2706,-2.6982,2.6982,-1.1428,0.0000,-1.0717,-8.4571,-6.4704,6.4704,-2.1275
1523.328,0.0000,-0.5497,-3.5883,-2.9510,2.9510,-1.2295,0.0000,-1.1216,-9.0643,-6.8425,6.8425,-2.1936
1537.452,0.0000,-0.5945,-3.9334,-3.2221,3.2221,-1.3188,0.0000,-1.1701,-9.6905,-7.2100,7.2100,-2.2544
1551.706,0.0000,-0.6415,-4.3071,-3.5115,3.5115,-1.4101,0.0000,-1.2169,-10.3321,-7.5691,7.5691,-2.3098
1566.093,0.0000,-0.6905,-4.7104,-3.8189,3.8189,-1.5026,0.0000,-1.2616,-10.9847,-7.9158,7.9158,-2.3598
1580.613,0.0000,-0.7412,-5.1442,-4.1436,4.1436,-1.5953,0.0000,-1.3038,-11.6429,-8.2466,8.2466,-2.4043
1595.268,0.0000,-0.7935,-5.6090,-4.4846,4.4846,-1.6875,0.0000,-1.3432,-12.3009,-8.5579,8.5579,-2.4436
1610.058,0.0000,-0.8469,-6.1052,-4.8405,4.8405,-1.7781,0.0000,-1.3796,-12.9519,-8.8470,8.8470,-2.4779
1624.986,0.0000,-0.9013,-6.6327,-5.2093,5.2093,-1.8664,0.0000,-1.4128,-13.5891,-9.1116,9.1116,-2.5077
1640.052,0.0000,-0.9560,-7.1909,-5.5884,5.5884,-1.9513,0.0000,-1.4425,-14.2053,-9.3504,9.3504,-2.5331
1655.258,0.0000,-1.0109,-7.7787,-5.9751,5.9751,-2.0321,0.0000,-1.4689,-14.7937,-9.5629,9.5629,-2.5548
1670.605,0.0000,-1.0653,-8.3942,-6.3657,6.3657,-2.1081,0.0000,-1.4919,-15.3482,-9.7492,9.7492,-2.5730
1686.094,0.0000,-1.1188,-9.0347,-6.7564,6.7564,-2.1787,0.0000,-1.5116,-15.8641,-9.9103,9.9103,-2.5881
1701.726,0.0000,-1.1710,-9.6968,-7.1428,7.1428,-2.2436,0.0000,-1.5283,-16.3378,-10.0479,10.0479,-2.6007
1717.504,0.0000,-1.2213,-10.3758,-7.5203,7.5203,-2.3025,0.0000,-1.5423,-16.7680,-10.1641,10.1641,-2.6110
1733.428,0.0000,-1.2692,-11.0661,-7.8845,7.8845,-2.3554,0.0000,-1.5539,-17.1547,-10.2612,10.2612,-2.6195
1749.499,0.0000,-1.3143,-11.7610,-8.2310,8.2310,-2.4023,0.0000,-1.5636,-17.5000,-10.3419,10.3419,-2.6264
1765.720,0.0000,-1.3561,-12.4528,-8.5559,8.5559,-2.4434,0.0000,-1.5718,-17.8068,-10.4087,10.4087,-2.6320
1782.091,0.0000,-1.3944,-13.1333,-8.8560,8.8560,-2.4790,0.0000,-1.5789,-18.0789,-10.4638,10.4638,-2.6366
1798.613,0.0000,-1.4289,-13.7935,-9.1288,9.1288,-2.5095,0.0000,-1.5856,-18.3195,-10.5094,10.5094,-2.6403
1815.289,0.0000,-1.4594,-14.4251,-9.3729,9.3729,-2.5355,0.0000,-1.5919,-18.5423,-10.5494,10.5494,-2.6435
1832.120,0.0000,-1.4858,-15.0200,-9.5879,9.5879,-2.5573,0.0000,-1.5981,-18.7633,-10.5876,10.5876,-2.6466
1849.106,0.0000,-1.5082,-15.5719,-9.7743,9.7743,-2.5754,0.0000,-1.6040,-18.9824,-10.6240,10.6240,-2.6495
1866.250,0.0000,-1.5268,-16.0762,-9.9336,9.9336,-2.5903,0.0000,-1.6098,-19.1997,-10.6588,10.6588,-2.6523
1883.553,0.0000,-1.5418,-16.5311,-10.0677,10.0677,-2.6025,0.0000,-1.6154,-19.4148,-10.6920,10.6920,-2.6549
1901.017,0.0000,-1.5538,-16.9372,-10.1795,10.1795,-2.6124,0.0000,-1.6208,-19.6279,-10.7237,10.7237,-2.6574
1918.642,0.0000,-1.5632,-17.2977,-10.2719,10.2719,-2.6204,0.0000,-1.6260,-19.8386,-10.7539,10.7539,-2.6597
1936.431,0.0000,-1.5707,-17.6181,-10.3482,10.3482,-2.6269,0.0000,-1.6310,-20.0471,-10.7827,10.7827,-2.6620
1954.384,0.0000,-1.5769,-17.9052,-10.4116,10.4116,-2.6322,0.0000,-1.6359,-20.2530,-10.8101,10.8101,-2.6641
1972.504,0.0000,-1.5826,-18.1670,-10.4653,10.4653,-2.6367,0.0000,-1.6406,-20.4564,-10.8362,10.8362,-2.6661
1990.792,0.0000,-1.5885,-18.4107,-10.5119,10.5119,-2.6405,0.0000,-1.6452,-20.6571,-10.8610,10.8610,-2.6680
2009.250,0.0000,-1.5950,-18.6440,-10.5538,10.5538,-2.6439,0.0000,-1.6496,-20.8550,-10.8847,10.8847,-2.6698
2027.879,0.0000,-1.6014,-18.8746,-10.5936,10.5936,-2.6471,0.0000,-1.6538,-21.0501,-10.9072,10.9072,-2.6714
2046.680,0.0000,-1.6076,-19.1033,-10.6316,10.6316,-2.6501,0.0000,-1.6579,-21.2422,-10.9286,10.9286,-2.6730
2065.656,0.0000,-1.6136,-19.3302,-10.6678,10.6678,-2.6530,0.0000,-1.6619,-21.4314,-10.9489,10.9489,-2.6746
2084.808,0.0000,-1.6195,-19.5549,-10.7024,10.7024,-2.6557,0.0000,-1.6657,-21.6174,-10.9683,10.9683,-2.6760
2104.137,0.0000,-1.6251,-19.7775,-10.7353,10.7353,-2.6583,0.0000,-1.6693,-21.8003,-10.9867,10.9867,-2.6774
2123.646,0.0000,-1.6305,-19.9977,-10.7666,10.7666,-2.6607,0.0000,-1.6729,-21.9799,-11.0042,11.0042,-2.6787
2143.335,0.0000,-1.6358,-20.2155,-10.7964,10.7964,-2.6630,0.0000,-1.6763,-22.1561,-11.0208,11.0208,-2.6799
2163.207,0.0000,-1.6408,-20.4308,-10.8248,10.8248,-2.6652,0.0000,-1.6796,-22.3291,-11.0366,11.0366,-2.6810
2183.263,0.0000,-1.6457,-20.6433,-10.8518,10.8518,-2.6673,0.0000,-1.6827,-22.4985,-11.0516,11.0516,-2.6821
2203.506,0.0000,-1.6505,-20.8530,-10.8774,10.8774,-2.6692,0.0000,-1.6858,-22.6645,-11.0659,11.0659,-2.6832
2223.935,0.0000,-1.6550,-21.0599,-10.9018,10.9018,-2.6710,0.0000,-1.6887,-22.8270,-11.0794,11.0794,-2.6841
2244.555,0.0000,-1.6594,-21.2636,-10.9250,10.9250,-2.6728,0.0000,-1.6915,-22.9859,-11.0922,11.0922,-2.6851
2265.365,0.0000,-1.6637,-21.4643,-10.9470,10.9470,-2.6744,0.0000,-1.6942,-23.1412,-11.1044,11.1044,-2.6859
2286.369,0.0000,-1.6677,-21.6617,-10.9678,10.9678,-2.6760,0.0000,-1.6968,-23.2928,-11.1160,11.1160,-2.6868
2307.567,0.0000,-1.6717,-21.8558,-10.9877,10.9877,-2.6774,0.0000,-1.6993,-23.4408,-11.1270,11.1270,-2.6876
2328.961,0.0000,-1.6755,-22.0464,-11.0065,11.0065,-2.6788,0.0000,-1.7017,-23.5851,-11.1375,11.1375,-2.6883
2350.554,0.0000,-1.6791,-22.2335,-11.0243,11.0243,-2.6801,0.0000,-1.7040,-23.7257,-11.1474,11.1474,-2.6890
2372.347,0.0000,-1.6826,-22.4170,-11.0412,11.0412,-2.6814,0.0000,-1.7062,-23.8626,-11.1568,11.1568,-2.6897
2394.343,0.0000,-1.6860,-22.5968,-11.0573,11.0573,-2.6825,0.0000,-1.7083,-23.9958,-11.1657,11.1657,-2.6903
2416.542,0.0000,-1.6892,-22.7729,-11.0725,11.0725,-2.6836,0.0000,-1.7104,-24.1253,-11.1742,11.1742,-2.6909
2438.947,0.0000,-1.6923,-22.9451,-11.0869,11.0869,-2.6847,0.0000,-1.7123,-24.2510,-11.1822,11.1822,-2.6915
2461.560,0.0000,-1.6953,-23.1134,-11.1006,11.1006,-2.6857,0.0000,-1.7142,-24.3731,-11.1899,11.1899,-2.6920
2484.382,0.0000,-1.6982,-23.2778,-11.1136,11.1136,-2.6866,0.0000,-1.7160,-24.4914,-11.1971,11.1971,-2.6925
2507.416,0.0000,-1.7009,-23.4382,-11.1258,11.1258,-2.6875,0.0000,-1.7177,-24.6062,-11.2040,11.2040,-2.6930
2530.664,0.0000,-1.7036,-23.5946,-11.1375,11.1375,-2.6883,0.0000,-1.7193,-24.7173,-11.2105,11.2105,-2.6935
2554.127,0.0000,-1.7061,-23.7469,-11.1485,11.1485,-2.6891,0.0000,-1.7209,-24.8247,-11.2167,11.2167,-2.6939
2577.807,0.0000,-1.7085,-23.8952,-11.1589,11.1589,-2.6898,0.0000,-1.7224,-24.9287,-11.2225,11.2225,-2.6943
2601.707,0.0000,-1.7109,-24.0393,-11.1688,11.1688,-2.6905,0.0000,-1.7239,-25.0291,-11.2281,11.2281,-2.6947
2625.829,0.0000,-1.7131,-24.1793,-11.1781,11.1781,-2.6912,0.0000,-1.7253,-25.1260,-11.2333,11.2333,-2.6951
2650.175,0.0000,-1.7152,-24.3152,-11.1870,11.1870,-2.6918,0.0000,-1.7266,-25.2195,-11.2383,11.2383,-2.6954
2674.746,0.0000,-1.7173,-24.4469,-11.1953,11.1953,-2.6924,0.0000,-1.7278,-25.3096,-11.2431,11.2431,-2.6958
2699.545,0.0000,-1.7192,-24.5745,-11.2032,11.2032,-2.6930,0.0000,-1.7290,-25.3963,-11.2475,11.2475,-2.6961
2724.574,0.0000,-1.7211,-24.6981,-11.2107,11.2107,-2.6935,0.0000,-1.7302,-25.4798,-11.2518,11.2518,-2.6964
2749.834,0.0000,-1.7229,-24.8175,-11.2178,11.2178,-2.6940,0.0000,-1.7313,-25.5600,-11.2558,11.2558,-2.6967
2775.330,0.0000,-1.7246,-24.9328,-11.2245,11.2245,-2.6945,0.0000,-1.7323,-25.6371,-11.2596,11.2596,-2.6969
2801.061,0.0000,-1.7262,-25.0441,-11.2309,11.2309,-2.6949,0.0000,-1.7333,-25.7111,-11.2632,11.2632,-2.6972
2827.031,0.0000,-1.7278,-25.1514,-11.2368,11.2368,-2.6953,0.0000,-1.7343,-25.7821,-11.2667,11.2667,-2.6974
2853.242,0.0000,-1.7293,-25.2548,-11.2425,11.2425,-2.6957,0.0000,-1.7352,-25.8501,-11.2699,11.2699,-2.6976
2879.696,0.0000,-1.7307,-25.3542,-11.2478,11.2478,-2.6961,0.0000,-1.7361,-25.9152,-11.2729,11.2729,-2.6979
2906.395,0.0000,-1.7321,-25.4498,-11.2529,11.2529,-2.6965,0.0000,-1.7369,-25.9775,-11.2758,11.2758,-2.6981
2933.342,0.0000,-1.7333,-25.5415,-11.2576,11.2576,-2.6968,0.0000,-1.7377,-26.0370,-11.2786,11.2786,-2.6982
2960.538,0.0000,-1.7346,-25.6296,-11.2621,11.2621,-2.6971,0.0000,-1.7384,-26.0938,-11.2812,11.2812,-2.6984
2987.987,0.0000,-1.7357,-25.7139,-11.2664,11.2664,-2.6974,0.0000,-1.7391,-26.1481,-11.2836,11.2836,-2.6986
3015.690,0.0000,-1.7368,-25.7946,-11.2704,11.2704,-2.6977,0.0000,-1.7398,-26.1998,-11.2859,11.2859,-2.6988
3043.650,0.0000,-1.7379,-25.8718,-11.2742,11.2742,-2.6979,0.0000,-1.7405,-26.2490,-11.2881,11.2881,-2.6989
3071.869,0.0000,-1.7389,-25.9456,-11.2777,11.2777,-2.6982,0.0000,-1.7411,-26.2958,-11.2902,11.2902,-2.6990
3100.350,0.0000,-1.7398,-26.0159,-11.2811,11.2811,-2.6984,0.0000,-1.7416,-26.3404,-11.2921,11.2921,-2.6992
3129.095,0.0000,-1.7407,-26.0830,-11.2842,11.2842,-2.6986,0.0000,-1.7422,-26.3827,-11.2939,11.2939,-2.6993
3158.107,0.0000,-1.7416,-26.1468,-11.2872,11.2872,-2.6988,0.0000,-1.7427,-26.4228,-11.2956,11.2956,-2.6994
3187.387,0.0000,-1.7424,-26.2075,-11.2900,11.2900,-2.6990,0.0000,-1.7432,-26.4608,-11.2973,11.2973,-2.6995
3216.939,0.0000,-1.7432,-26.2651,-11.2926,11.2926,-2.6992,0.0000,-1.7437,-26.4968,-11.2988,11.2988,-2.6996
3246.765,0.0000,-1.7439,-26.3198,-11.2951,11.2951,-2.6994,0.0000,-1.7441,-26.5308,-11.3002,11.3002,-2.6997
3276.867,0.0000,-1.7446,-26.3715,-11.2974,11.2974,-2.6995,0.0000,-1.7445,-26.5630,-11.3016,11.3016,-2.6998
3307.249,0.0000,-1.7452,-26.4205,-11.2995,11.2995,-2.6997,0.0000,-1.7449,-26.5933,-11.3028,11.3028,-2.6999
3337.912,0.0000,-1.7458,-26.4668,-11.3016,11.3016,-2.6998,0.0000,-1.7453,-26.6219,-11.3040,11.3040,-2.7000
3368.860,0.0000,-1.7464,-26.5105,-11.3035,11.3035,-2.7000,0.0000,-1.7456,-26.6488,-11.3051,11.3051,-2.7001
3400.094,0.0000,-1.7469,-26.5517,-11.3053,11.3053,-2.7001,0.0000,-1.7459,-26.6741,-11.3062,11.3062,-2.7002
3431.618,0.0000,-1.7475,-26.5904,-11.3069,11.3069,-2.7002,0.0000,-1.7462,-26.6978,-11.3071,11.3071,-2.7002
3463.434,0.0000,-1.7479,-26.6268,-11.3085,11.3085,-2.7003,0.0000,-1.7465,-26.7201,-11.3080,11.3080,-2.7003
3495.546,0.0000,-1.7484,-26.6609,-11.3099,11.3099,-2.7004,0.0000,-1.7468,-26.7409,-11.3089,11.3089,-2.7003
3527.955,0.0000,-1.7488,-26.6929,-11.3113,11.3113,-2.7005,0.0000,-1.7471,-26.7604,-11.3097,11.3097,-2.7004
3560.664,0.0000,-1.7492,-26.7227,-11.3125,11.3125,-2.7006,0.0000,-1.7473,-26.7786,-11.3104,11.3104,-2.7004
3593.677,0.0000,-1.7495,-26.7506,-11.3137,11.3137,-2.7007,0.0000,-1.7475,-26.7955,-11.3111,11.3111,-2.7005
3626.996,0.0000,-1.7499,-26.7654,-11.3147,11.3147,-2.7007,0.0000,-1.7477,-26.8045,-11.3117,11.3117,-2.7005
3660.623,0.0000,-1.7502,-26.7776,-11.3157,11.3157,-2.7008,0.0000,-1.7479,-26.8119,-11.3123,11.3123,-2.7006
3694.563,0.0000,-1.7505,-26.7891,-11.3166,11.3166,-2.7009,0.0000,-1.7481,-26.8189,-11.3128,11.3128,-2.7006
3728.817,0.0000,-1.7508,-26.7999,-11.3175,11.3175,-2.7009,0.0000,-1.7482,-26.8254,-11.3133,11.3133,-2.7006
3763.389,0.0000,-1.7510,-26.8101,-11.3182,11.3182,-2.7010,0.0000,-1.7484,-26.8316,-11.3138,11.3138,-2.7007
3798.281,0.0000,-1.7512,-26.8197,-11.3189,11.3189,-2.7010,0.0000,-1.7485,-26.8374,-11.3142,11.3142,-2.7007
3833.497,0.0000,-1.7515,-26.8287,-11.3195,11.3195,-2.7011,0.0000,-1.7487,-26.8428,-11.3145,11.3145,-2.7007
3869.039,0.0000,-1.7516,-26.8371,-11.3201,11.3201,-2.7011,0.0000,-1.7488,-26.8479,-11.3148,11.3148,-2.7007
3904.911,0.0000,-1.7518,-26.8450,-11.3206,11.3206,-2.7011,0.0000,-1.7489,-26.8526,-11.3151,11.3151,-2.7008
3941.116,0.0000,-1.7520,-26.8524,-11.3210,11.3210,-2.7012,0.0000,-1.7490,-26.8571,-11.3154,11.3154,-2.7008
3977.656,0.0000,-1.7521,-26.8592,-11.3214,11.3214,-2.7012,0.0000,-1.7491,-26.8612,-11.3156,11.3156,-2.7008
4014.535,0.0000,-1.7523,-26.8656,-11.3217,11.3217,-2.7012,0.0000,-1.7491,-26.8651,-11.3158,11.3158,-2.7008
4051.755,0.0000,-1.7524,-26.8716,-11.3219,11.3219,-2.7012,0.0000,-1.7492,-26.8687,-11.3159,11.3159,-2.7008
4089.321,0.0000,-1.7525,-26.8771,-11.3221,11.3221,-2.7013,0.0000,-1.7493,-26.8720,-11.3160,11.3160,-2.7008
4127.236,0.0000,-1.7526,-26.8822,-11.3223,11.3223,-2.7013,0.0000,-1.7493,-26.8751,-11.3161,11.3161,-2.7008
4165.501,0.0000,-1.7526,-26.8827,-11.3224,11.3224,-2.7013,0.0000,-1.7494,-26.8754,-11.3162,11.3162,-2.7008
4204.122,0.0000,-1.7527,-26.8727,-11.3225,11.3225,-2.7013,0.0000,-1.7494,-26.8693,-11.3163,11.3163,-2.7008
4243.100,0.0000,-1.7527,-26.8636,-11.3226,11.3226,-2.7013,0.0000,-1.7494,-26.8639,-11.3163,11.3163,-2.7008
4282.440,0.0000,-1.7528,-26.8554,-11.3226,11.3226,-2.7013,0.0000,-1.7494,-26.8590,-11.3163,11.3163,-2.7008
4322.145,0.0000,-1.7528,-26.8481,-11.3226,11.3226,-2.7013,0.0000,-1.7495,-26.8546,-11.3163,11.3163,-2.7008
4362.218,0.0000,-1.7528,-26.8416,-11.3226,11.3226,-2.7013,0.0000,-1.7495,-26.8506,-11.3163,11.3163,-2.7008
4402.662,0.0000,-1.7529,-26.8358,-11.3225,11.3225,-2.7013,0.0000,-1.7495,-26.8472,-11.3162,11.3162,-2.7008
4443.482,0.0000,-1.7529,-26.8307,-11.3224,11.3224,-2.7013,0.0000,-1.7495,-26.8441,-11.3162,11.3162,-2.7008
4484.679,0.0000,-1.7529,-26.8263,-11.3223,11.3223,-2.7013,0.0000,-1.7495,-26.8414,-11.3161,11.3161,-2.7008
4526.259,0.0000,-1.7529,-26.8225,-11.3222,11.3222,-2.7013,0.0000,-1.7495,-26.8391,-11.3160,11.3160,-2.7008
4568.224,0.0000,-1.7528,-26.8193,-11.3220,11.3220,-2.7012,0.0000,-1.7495,-26.8372,-11.3159,11.3159,-2.7008
4610.579,0.0000,-1.7528,-26.8165,-11.3218,11.3218,-2.7012,0.0000,-1.7495,-26.8356,-11.3158,11.3158,-2.7008
4653.326,0.0000,-1.7528,-26.8143,-11.3217,11.3217,-2.7012,0.0000,-1.7494,-26.8342,-11.3157,11.3157,-2.7008
4696.469,0.0000,-1.7527,-26.8126,-11.3215,11.3215,-2.7012,0.0000,-1.7494,-26.8332,-11.3156,11.3156,-2.7008
4740.013,0.0000,-1.7527,-26.8112,-11.3213,11.3213,-2.7012,0.0000,-1.7494,-26.8323,-11.3154,11.3154,-2.7008
4783.960,0.0000,-1.7527,-26.8103,-11.3210,11.3210,-2.7012,0.0000,-1.7494,-26.8318,-11.3153,11.3153,-2.7008
4828.314,0.0000,-1.7526,-26.8097,-11.3208,11.3208,-2.7012,0.0000,-1.7493,-26.8314,-11.3152,11.3152,-2.7008
4873.080,0.0000,-1.7525,-26.8094,-11.3206,11.3206,-2.7011,0.0000,-1.7493,-26.8313,-11.3150,11.3150,-2.7008
4918.261,0.0000,-1.7525,-26.8094,-11.3203,11.3203,-2.7011,0.0000,-1.7493,-26.8313,-11.3149,11.3149,-2.7008
4963.861,0.0000,-1.7524,-26.8097,-11.3201,11.3201,-2.7011,0.0000,-1.7492,-26.8315,-11.3147,11.3147,-2.7007
5009.883,0.0000,-1.7523,-26.8103,-11.3198,11.3198,-2.7011,0.0000,-1.7492,-26.8318,-11.3146,11.3146,-2.7007
5056.332,0.0000,-1.7523,-26.8110,-11.3196,11.3196,-2.7011,0.0000,-1.7491,-26.8323,-11.3144,11.3144,-2.7007
5103.212,0.0000,-1.7522,-26.8120,-11.3193,11.3193,-2.7011,0.0000,-1.7491,-26.8329,-11.3143,11.3143,-2.7007
5150.527,0.0000,-1.7521,-26.8132,-11.3191,11.3191,-2.7010,0.0000,-1.7490,-26.8336,-11.3141,11.3141,-2.7007
5198.280,0.0000,-1.7520,-26.8145,-11.3188,11.3188,-2.7010,0.0000,-1.7490,-26.8344,-11.3140,11.3140,-2.7007
5246.476,0.0000,-1.7520,-26.8160,-11.3186,11.3186,-2.7010,0.0000,-1.7489,-26.8352,-11.3138,11.3138,-2.7007
5295.119,0.0000,-1.7519,-26.8176,-11.3183,11.3183,-2.7010,0.0000,-1.7489,-26.8362,-11.3137,11.3137,-2.7007
5344.212,0.0000,-1.7518,-26.8193,-11.3180,11.3180,-2.7010,0.0000,-1.7488,-26.8372,-11.3135,11.3135,-2.7007
5393.761,0.0000,-1.7517,-26.8211,-11.3178,11.3178,-2.7010,0.0000,-1.7488,-26.8383,-11.3133,11.3133,-2.7006
5443.770,0.0000,-1.7516,-26.8230,-11.3175,11.3175,-2.7009,0.0000,-1.7487,-26.8394,-11.3132,11.3132,-2.7006
5494.242,0.0000,-1.7515,-26.8249,-11.3173,11.3173,-2.7009,0.0000,-1.7487,-26.8406,-11.3130,11.3130,-2.7006
5545.182,0.0000,-1.7514,-26.8269,-11.3170,11.3170,-2.7009,0.0000,-1.7486,-26.8418,-11.3129,11.3129,-2.7006
5596.594,0.0000,-1.7513,-26.8289,-11.3168,11.3168,-2.7009,0.0000,-1.7485,-26.8430,-11.3127,11.3127,-2.7006
5648.483,0.0000,-1.7512,-26.8309,-11.3165,11.3165,-2.7009,0.0000,-1.7485,-26.8442,-11.3126,11.3126,-2.7006
5700.853,0.0000,-1.7511,-26.8330,-11.3163,11.3163,-2.7008,0.0000,-1.7484,-26.8455,-11.3124,11.3124,-2.7006
5753.708,0.0000,-1.7510,-26.8351,-11.3160,11.3160,-2.7008,0.0000,-1.7484,-26.8467,-11.3123,11.3123,-2.7006
5807.054,0.0000,-1.7509,-26.8371,-11.3158,11.3158,-2.7008,0.0000,-1.7483,-26.8480,-11.3122,11.3122,-2.7006
5860.894,0.0000,-1.7508,-26.8392,-11.3156,11.3156,-2.7008,0.0000,-1.7482,-26.8492,-11.3120,11.3120,-2.7006
5915.233,0.0000,-1.7507,-26.8412,-11.3153,11.3153,-2.7008,0.0000,-1.7482,-26.8504,-11.3119,11.3119,-2.7005
5970.076,0.0000,-1.7506,-26.8432,-11.3151,11.3151,-2.7008,0.0000,-1.7481,-26.8516,-11.3117,11.3117,-2.7005
6025.428,0.0000,-1.7505,-26.8451,-11.3149,11.3149,-2.7008,0.0000,-1.7481,-26.8528,-11.3116,11.3116,-2.7005
6081.293,0.0000,-1.7504,-26.8471,-11.3147,11.3147,-2.7007,0.0000,-1.7480,-26.8539,-11.3115,11.3115,-2.7005
6137.676,0.0000,-1.7503,-26.8489,-11.3145,11.3145,-2.7007,0.0000,-1.7479,-26.8551,-11.3114,11.3114,-2.7005
6194.581,0.0000,-1.7502,-26.8508,-11.3143,11.3143,-2.7007,0.0000,-1.7479,-26.8562,-11.3112,11.3112,-2.7005
6252.014,0.0000,-1.7501,-26.8525,-11.3141,11.3141,-2.7007,0.0000,-1.7478,-26.8572,-11.3111,11.3111,-2.7005
6309.980,0.0000,-1.7500,-26.8542,-11.3139,11.3139,-2.7007,0.0000,-1.7478,-26.8582,-11.3110,11.3110,-2.7005
6368.483,0.0000,-1.7499,-26.8559,-11.3137,11.3137,-2.7007,0.0000,-1.7477,-26.8592,-11.3109,11.3109,-2.7005
6427.529,0.0000,-1.7498,-26.8574,-11.3135,11.3135,-2.7007,0.0000,-1.7476,-26.8602,-11.3108,11.3108,-2.7005
6487.122,0.0000,-1.7497,-26.8590,-11.3133,11.3133,-2.7006,0.0000,-1.7476,-26.8611,-11.3107,11.3107,-2.7005
6547.267,0.0000,-1.7496,-26.8604,-11.3131,11.3131,-2.7006,0.0000,-1.7475,-26.8619,-11.3105,11.3105,-2.7005
6607.970,0.0000,-1.7495,-26.8615,-11.3130,11.3130,-2.7006,0.0000,-1.7475,-26.8626,-11.3104,11.3104,-2.7004
6669.236,0.0000,-1.7494,-26.8619,-11.3128,11.3128,-2.7006,0.0000,-1.7474,-26.8628,-11.3103,11.3103,-2.7004
6731.070,0.0000,-1.7493,-26.8623,-11.3126,11.3126,-2.7006,0.0000,-1.7473,-26.8631,-11.3102,11.3102,-2.7004
6793.477,0.0000,-1.7492,-26.8628,-11.3125,11.3125,-2.7006,0.0000,-1.7473,-26.8634,-11.3101,11.3101,-2.7004
6856.463,0.0000,-1.7491,-26.8633,-11.3123,11.3123,-2.7006,0.0000,-1.7472,-26.8637,-11.3100,11.3100,-2.7004
6920.033,0.0000,-1.7490,-26.8637,-11.3121,11.3121,-2.7006,0.0000,-1.7472,-26.8639,-11.3100,11.3100,-2.7004
6984.192,0.0000,-1.7489,-26.8642,-11.3120,11.3120,-2.7006,0.0000,-1.7471,-26.8642,-11.3099,11.3099,-2.7004
7048.946,0.0000,-1.7488,-26.8646,-11.3118,11.3118,-2.7005,0.0000,-1.7470,-26.8645,-11.3098,11.3098,-2.7004
7114.300,0.0000,-1.7487,-26.8650,-11.3117,11.3117,-2.7005,0.0000,-1.7470,-26.8647,-11.3097,11.3097,-2.7004
7180.261,0.0000,-1.7486,-26.8654,-11.3116,11.3116,-2.7005,0.0000,-1.7469,-26.8650,-11.3096,11.3096,-2.7004
7246.833,0.0000,-1.7485,-26.8659,-11.3114,11.3114,-2.7005,0.0000,-1.7469,-26.8652,-11.3095,11.3095,-2.7004
7314.022,0.0000,-1.7484,-26.8663,-11.3113,11.3113,-2.7005,0.0000,-1.7468,-26.8655,-11.3094,11.3094,-2.7004
7381.834,0.0000,-1.7482,-26.8666,-11.3112,11.3112,-2.7005,0.0000,-1.7467,-26.8657,-11.3094,11.3094,-2.7004
7450.275,0.0000,-1.7481,-26.8670,-11.3110,11.3110,-2.7005,0.0000,-1.7466,-26.8659,-11.3093,11.3093,-2.7004
7519.350,0.0000,-1.7480,-26.8673,-11.3109,11.3109,-2.7005,0.0000,-1.7466,-26.8661,-11.3092,11.3092,-2.7004
7589.066,0.0000,-1.7479,-26.8677,-11.3108,11.3108,-2.7005,0.0000,-1.7465,-26.8663,-11.3091,11.3091,-2.7004
7659.428,0.0000,-1.7478,-26.8672,-11.3106,11.3106,-2.7005,0.0000,-1.7464,-26.8661,-11.3091,11.3091,-2.7004
7730.442,0.0000,-1.7477,-26.8666,-11.3105,11.3105,-2.7005,0.0000,-1.7464,-26.8657,-11.3090,11.3090,-2.7003
7802.115,0.0000,-1.7476,-26.8661,-11.3104,11.3104,-2.7004,0.0000,-1.7463,-26.8653,-11.3089,11.3089,-2.7003
7874.453,0.0000,-1.7475,-26.8656,-11.3103,11.3103,-2.7004,0.0000,-1.7462,-26.8651,-11.3088,11.3088,-2.7003
7947.461,0.0000,-1.7474,-26.8651,-11.3102,11.3102,-2.7004,0.0000,-1.7462,-26.8648,-11.3088,11.3088,-2.7003
8021.146,0.0000,-1.7473,-26.8648,-11.3101,11.3101,-2.7004,0.0000,-1.7461,-26.8646,-11.3087,11.3087,-2.7003
8095.514,0.0000,-1.7472,-26.8645,-11.3100,11.3100,-2.7004,0.0000,-1.7461,-26.8644,-11.3087,11.3087,-2.7003
8170.572,0.0000,-1.7471,-26.8642,-11.3099,11.3099,-2.7004,0.0000,-1.7460,-26.8642,-11.3086,11.3086,-2.7003
8246.325,0.0000,-1.7470,-26.8640,-11.3098,11.3098,-2.7004,0.0000,-1.7460,-26.8641,-11.3085,11.3085,-2.7003
8322.781,0.0000,-1.7469,-26.8638,-11.3097,11.3097,-2.7004,0.0000,-1.7459,-26.8640,-11.3085,11.3085,-2.7003
8399.946,0.0000,-1.7469,-26.8637,-11.3096,11.3096,-2.7004,0.0000,-1.7459,-26.8639,-11.3084,11.3084,-2.7003
8477.826,0.0000,-1.7468,-26.8636,-11.3095,11.3095,-2.7004,0.0000,-1.7458,-26.8639,-11.3084,11.3084,-2.7003
8556.428,0.0000,-1.7467,-26.8635,-11.3094,11.3094,-2.7004,0.0000,-1.7458,-26.8638,-11.3083,11.3083,-2.7003
8635.759,0.0000,-1.7466,-26.8635,-11.3093,11.3093,-2.7004,0.0000,-1.7457,-26.8638,-11.3083,11.3083,-2.7003
8715.826,0.0000,-1.7466,-26.8635,-11.3092,11.3092,-2.7004,0.0000,-1.7457,-26.8638,-11.3082,11.3082,-2.7003
8796.635,0.0000,-1.7465,-26.8636,-11.3092,11.3092,-2.7004,0.0000,-1.7457,-26.8639,-11.3082,11.3082,-2.7003
8878.193,0.0000,-1.7465,-26.8636,-11.3091,11.3091,-2.7004,0.0000,-1.7456,-26.8639,-11.3081,11.3081,-2.7003
8960.507,0.0000,-1.7464,-26.8637,-11.3090,11.3090,-2.7003,0.0000,-1.7456,-26.8639,-11.3081,11.3081,-2.7003
9043.585,0.0000,-1.7463,-26.8638,-11.3089,11.3089,-2.7003,0.0000,-1.7456,-26.8640,-11.3080,11.3080,-2.7003
9127.433,0.0000,-1.7463,-26.8639,-11.3089,11.3089,-2.7003,0.0000,-1.7455,-26.8641,-11.3080,11.3080,-2.7003
9212.058,0.0000,-1.7462,-26.8640,-11.3088,11.3088,-2.7003,0.0000,-1.7455,-26.8641,-11.3079,11.3079,-2.7003
9297.467,0.0000,-1.7462,-26.8642,-11.3087,11.3087,-2.7003,0.0000,-1.7455,-26.8642,-11.3079,11.3079,-2.7003
9383.669,0.0000,-1.7461,-26.8643,-11.3087,11.3087,-2.7003,0.0000,-1.7454,-26.8643,-11.3079,11.3079,-2.7003
9470.670,0.0000,-1.7461,-26.8644,-11.3086,11.3086,-2.7003,0.0000,-1.7454,-26.8644,-11.3078,11.3078,-2.7003
9558.477,0.0000,-1.7460,-26.8646,-11.3085,11.3085,-2.7003,0.0000,-1.7454,-26.8645,-11.3078,11.3078,-2.7003
9647.099,0.0000,-1.7460,-26.8646,-11.3085,11.3085,-2.7003,0.0000,-1.7454,-26.8644,-11.3078,11.3078,-2.7003
9736.542,0.0000,-1.7459,-26.8646,-11.3084,11.3084,-2.7003,0.0000,-1.7453,-26.8644,-11.3077,11.3077,-2.7003
9826.815,0.0000,-1.7459,-26.8646,-11.3084,11.3084,-2.7003,0.0000,-1.7453,-26.8644,-11.3077,11.3077,-2.7003
9917.924,0.0000,-1.7459,-26.8646,-11.3083,11.3083,-2.7003,0.0000,-1.7453,-26.8645,-11.3077,11.3077,-2.7003
10009.878,0.0000,-1.7458,-26.8646,-11.3083,11.3083,-2.7003,0.0000,-1.7452,-26.8645,-11.3076,11.3076,-2.7003
10102.685,0.0000,-1.7458,-26.8647,-11.3082,11.3082,-2.7003,0.0000,-1.7452,-26.8645,-11.3076,11.3076,-2.7003
10196.352,0.0000,-1.7457,-26.8647,-11.3082,11.3082,-2.7003,0.0000,-1.7452,-26.8645,-11.3076,11.3076,-2.7002
10290.888,0.0000,-1.7457,-26.8648,-11.3081,11.3081,-2.7003,0.0000,-1.7452,-26.8646,-11.3075,11.3075,-2.7002
10386.300,0.0000,-1.7457,-26.8648,-11.3081,11.3081,-2.7003,0.0000,-1.7452,-26.8646,-11.3075,11.3075,-2.7002
10482.597,0.0000,-1.7456,-26.8649,-11.3080,11.3080,-2.7003,0.0000,-1.7451,-26.8646,-11.3075,11.3075,-2.7002
10579.786,0.0000,-1.7456,-26.8650,-11.3080,11.3080,-2.7003,0.0000,-1.7451,-26.8647,-11.3075,11.3075,-2.7002
10677.877,0.0000,-1.7456,-26.8650,-11.3079,11.3079,-2.7003,0.0000,-1.7451,-26.8647,-11.3074,11.3074,-2.7002
10776.877,0.0000,-1.7455,-26.8651,-11.3079,11.3079,-2.7003,0.0000,-1.7451,-26.8648,-11.3074,11.3074,-2.7002
10876.795,0.0000,-1.7455,-26.8652,-11.3078,11.3078,-2.7003,0.0000,-1.7450,-26.8648,-11.3074,11.3074,-2.7002
10977.639,0.0000,-1.7454,-26.8653,-11.3078,11.3078,-2.7003,0.0000,-1.7450,-26.8649,-11.3074,11.3074,-2.7002
11079.419,0.0000,-1.7454,-26.8652,-11.3078,11.3078,-2.7003,0.0000,-1.7450,-26.8648,-11.3073,11.3073,-2.7002
11182.142,0.0000,-1.7454,-26.8651,-11.3077,11.3077,-2.7003,0.0000,-1.7450,-26.8648,-11.3073,11.3073,-2.7002
11285.817,0.0000,-1.7453,-26.8650,-11.3077,11.3077,-2.7003,0.0000,-1.7450,-26.8647,-11.3073,11.3073,-2.7002
11390.454,0.0000,-1.7453,-26.8649,-11.3077,11.3077,-2.7003,0.0000,-1.7449,-26.8647,-11.3073,11.3073,-2.7002
11496.060,0.0000,-1.7453,-26.8648,-11.3076,11.3076,-2.7003,0.0000,-1.7449,-26.8646,-11.3072,11.3072,-2.7002
11602.646,0.0000,-1.7452,-26.8648,-11.3076,11.3076,-2.7003,0.0000,-1.7449,-26.8646,-11.3072,11.3072,-2.7002
11710.220,0.0000,-1.7452,-26.8647,-11.3076,11.3076,-2.7002,0.0000,-1.7449,-26.8646,-11.3072,11.3072,-2.7002
11818.792,0.0000,-1.7452,-26.8647,-11.3075,11.3075,-2.7002,0.0000,-1.7449,-26.8645,-11.3072,11.3072,-2.7002
11928.370,0.0000,-1.7452,-26.8647,-11.3075,11.3075,-2.7002,0.0000,-1.7449,-26.8645,-11.3072,11.3072,-2.7002
12038.964,0.0000,-1.7451,-26.8646,-11.3075,11.3075,-2.7002,0.0000,-1.7448,-26.8645,-11.3072,11.3072,-2.7002
12150.583,0.0000,-1.7451,-26.8646,-11.3075,11.3075,-2.7002,0.0000,-1.7448,-26.8645,-11.3071,11.3071,-2.7002
12263.238,0.0000,-1.7451,-26.8646,-11.3074,11.3074,-2.7002,0.0000,-1.7448,-26.8645,-11.3071,11.3071,-2.7002
12376.936,0.0000,-1.7451,-26.8646,-11.3074,11.3074,-2.7002,0.0000,-1.7448,-26.8645,-11.3071,11.3071,-2.7002
12491.689,0.0000,-1.7451,-26.8646,-11.3074,11.3074,-2.7002,0.0000,-1.7448,-26.8645,-11.3071,11.3071,-2.7002
12607.506,0.0000,-1.7450,-26.8646,-11.3074,11.3074,-2.7002,0.0000,-1.7448,-26.8645,-11.3071,11.3071,-2.7002
12724.397,0.0000,-1.7450,-26.8646,-11.3073,11.3073,-2.7002,0.0000,-1.7448,-26.8644,-11.3071,11.3071,-2.7002
12842.371,0.0000,-1.7450,-26.8645,-11.3073,11.3073,-2.7002,0.0000,-1.7448,-26.8644,-11.3071,11.3071,-2.7002
12961.440,0.0000,-1.7450,-26.8645,-11.3073,11.3073,-2.7002,0.0000,-1.7447,-26.8644,-11.3070,11.3070,-2.7002
13081.612,0.0000,-1.7450,-26.8645,-11.3073,11.3073,-2.7002,0.0000,-1.7447,-26.8644,-11.3070,11.3070,-2.7002
13202.898,0.0000,-1.7449,-26.8645,-11.3072,11.3072,-2.7002,0.0000,-1.7447,-26.8644,-11.3070,11.3070,-2.7002
13325.309,0.0000,-1.7449,-26.8645,-11.3072,11.3072,-2.7002,0.0000,-1.7447,-26.8644,-11.3070,11.3070,-2.7002
13448.855,0.0000,-1.7449,-26.8645,-11.3072,11.3072,-2.7002,0.0000,-1.7447,-26.8644,-11.3070,11.3070,-2.7002
13573.546,0.0000,-1.7449,-26.8645,-11.3072,11.3072,-2.7002,0.0000,-1.7447,-26.8644,-11.3070,11.3070,-2.7002
13699.393,0.0000,-1.7449,-26.8646,-11.3072,11.3072,-2.7002,0.0000,-1.7447,-26.8644,-11.3070,11.3070,-2.7002
13826.408,0.0000,-1.7448,-26.8646,-11.3072,11.3072,-2.7002,0.0000,-1.7447,-26.8645,-11.3070,11.3070,-2.7002
13954.599,0.0000,-1.7448,-26.8646,-11.3071,11.3071,-2.7002,0.0000,-1.7447,-26.8645,-11.3070,11.3070,-2.7002
14083.980,0.0000,-1.7448,-26.8646,-11.3071,11.3071,-2.7002,0.0000,-1.7446,-26.8645,-11.3069,11.3069,-2.7002
14214.559,0.0000,-1.7448,-26.8646,-11.3071,11.3071,-2.7002,0.0000,-1.7446,-26.8645,-11.3069,11.3069,-2.7002
14346.350,0.0000,-1.7448,-26.8647,-11.3071,11.3071,-2.7002,0.0000,-1.7446,-26.8645,-11.3069,11.3069,-2.7002
14479.362,0.0000,-1.7448,-26.8647,-11.3071,11.3071,-2.7002,0.0000,-1.7446,-26.8645,-11.3069,11.3069,-2.7002
14613.608,0.0000,-1.7448,-26.8646,-11.3071,11.3071,-2.7002,0.0000,-1.7446,-26.8645,-11.3069,11.3069,-2.7002
14749.098,0.0000,-1.7448,-26.8646,-11.3071,11.3071,-2.7002,0.0000,-1.7446,-26.8645,-11.3069,11.3069,-2.7002
14885.845,0.0000,-1.7447,-26.8646,-11.3070,11.3070,-2.7002,0.0000,-1.7446,-26.8645,-11.3069,11.3069,-2.7002
15023.859,0.0000,-1.7447,-26.8646,-11.3070,11.3070,-2.7002,0.0000,-1.7446,-26.8644,-11.3069,11.3069,-2.7002
15163.153,0.0000,-1.7447,-26.8645,-11.3070,11.3070,-2.7002,0.0000,-1.7446,-26.8644,-11.3069,11.3069,-2.7002
15303.738,0.0000,-1.7447,-26.8645,-11.3070,11.3070,-2.7002,0.0000,-1.7446,-26.8644,-11.3069,11.3069,-2.7002
15445.627,0.0000,-1.7447,-26.8645,-11.3070,11.3070,-2.7002,0.0000,-1.7446,-26.8644,-11.3069,11.3069,-2.7002
15588.832,0.0000,-1.7447,-26.8645,-11.3070,11.3070,-2.7002,0.0000,-1.7446,-26.8644,-11.3069,11.3069,-2.7002
15733.364,0.0000,-1.7447,-26.8645,-11.3070,11.3070,-2.7002,0.0000,-1.7446,-26.8644,-11.3068,11.3068,-2.7002
15879.236,0.0000,-1.7447,-26.8644,-11.3070,11.3070,-2.7002,0.0000,-1.7446,-26.8644,-11.3068,11.3068,-2.7002
16026.460,0.0000,-1.7447,-26.8644,-11.3069,11.3069,-2.7002,0.0000,-1.7446,-26.8644,-11.3068,11.3068,-2.7002
16175.050,0.0000,-1.7447,-26.8644,-11.3069,11.3069,-2.7002,0.0000,-1.7446,-26.8644,-11.3068,11.3068,-2.7002
16325.017,0.0000,-1.7446,-26.8644,-11.3069,11.3069,-2.7002,0.0000,-1.7445,-26.8644,-11.3068,11.3068,-2.7002
16476.375,0.0000,-1.7446,-26.8644,-11.3069,11.3069,-2.7002,0.0000,-1.7445,-26.8644,-11.3068,11.3068,-2.7002
16629.136,0.0000,-1.7446,-26.8644,-11.3069,11.3069,-2.7002,0.0000,-1.7445,-26.8644,-11.3068,11.3068,-2.7002
16783.313,0.0000,-1.7446,-26.8644,-11.3069,11.3069,-2.7002,0.0000,-1.7445,-26.8644,-11.3068,11.3068,-2.7002
16938.920,0.0000,-1.7446,-26.8644,-11.3069,11.3069,-2.7002,0.0000,-1.7445,-26.8644,-11.3068,11.3068,-2.7002
17095.969,0.0000,-1.7446,-26.8644,-11.3069,11.3069,-2.7002,0.0000,-1.7445,-26.8644,-11.3068,11.3068,-2.7002
17254.475,0.0000,-1.7446,-26.8644,-11.3069,11.3069,-2.7002,0.0000,-1.7445,-26.8644,-11.3068,11.3068,-2.7002
17414.450,0.0000,-1.7446,-26.8644,-11.3069,11.3069,-2.7002,0.0000,-1.7445,-26.8644,-11.3068,11.3068,-2.7002
17575.908,0.0000,-1.7446,-26.8644,-11.3069,11.3069,-2.7002,0.0000,-1.7445,-26.8644,-11.3068,11.3068,-2.7002
17738.863,0.0000,-1.7446,-26.8645,-11.3069,11.3069,-2.7002,0.0000,-1.7445,-26.8644,-11.3068,11.3068,-2.7002
17903.329,0.0000,-1.7446,-26.8645,-11.3069,11.3069,-2.7002,0.0000,-1.7445,-26.8644,-11.3068,11.3068,-2.7002
18069.320,0.0000,-1.7446,-26.8644,-11.3068,11.3068,-2.7002,0.0000,-1.7445,-26.8644,-11.3068,11.3068,-2.7002
18236.850,0.0000,-1.7446,-26.8644,-11.3068,11.3068,-2.7002,0.0000,-1.7445,-26.8644,-11.3068,11.3068,-2.7002
18405.934,0.0000,-1.7446,-26.8644,-11.3068,11.3068,-2.7002,0.0000,-1.7445,-26.8644,-11.3068,11.3068,-2.7002
18576.585,0.0000,-1.7446,-26.8644,-11.3068,11.3068,-2.7002,0.0000,-1.7445,-26.8644,-11.3068,11.3068,-2.7002
18748.818,0.0000,-1.7446,-26.8644,-11.3068,11.3068,-2.7002,0.0000,-1.7445,-26.8643,-11.3068,11.3068,-2.7002
18922.648,0.0000,-1.7446,-26.8644,-11.3068,11.3068,-2.7002,0.0000,-1.7445,-26.8643,-11.3068,11.3068,-2.7002
19098.089,0.0000,-1.7446,-26.8644,-11.3068,11.3068,-2.7002,0.0000,-1.7445,-26.8643,-11.3068,11.3068,-2.7002
19275.157,0.0000,-1.7445,-26.8644,-11.3068,11.3068,-2.7002,0.0000,-1.7445,-26.8643,-11.3068,11.3068,-2.7002
19453.867,0.0000,-1.7445,-26.8644,-11.3068,11.3068,-2.7002,0.0000,-1.7445,-26.8643,-11.3067,11.3067,-2.7002
19634.234,0.0000,-1.7445,-26.8644,-11.3068,11.3068,-2.7002,0.0000,-1.7445,-26.8643,-11.3067,11.3067,-2.7002
19816.273,0.0000,-1.7445,-26.8644,-11.3068,11.3068,-2.7002,0.0000,-1.7445,-26.8643,-11.3067,11.3067,-2.7002
20000.000,0.0000,-1.7445,-26.8644,-11.3068,11.3068,-2.7002,0.0000,-1.7445,-26.8643,-11.3067,11.3067,-2.7002
