freq_Hz,on_axis,LW,ER,SP,DI,PIR
200.000,0.0000,-0.0096,-0.0602,-0.0481,0.0481,-0.0240
201.854,0.0000,-0.0096,-0.0607,-0.0485,0.0485,-0.0242
203.726,0.0000,-0.0097,-0.0613,-0.0490,0.0490,-0.0244
205.615,0.0000,-0.0098,-0.0619,-0.0495,0.0495,-0.0247
207.521,0.0000,-0.0099,-0.0625,-0.0500,0.0500,-0.0249
209.445,0.0000,-0.0100,-0.0632,-0.0505,0.0505,-0.0252
211.387,0.0000,-0.0101,-0.0638,-0.0510,0.0510,-0.0254
213.347,0.0000,-0.0102,-0.0645,-0.0515,0.0515,-0.0257
215.325,0.0000,-0.0103,-0.0651,-0.0520,0.0520,-0.0259
217.321,0.0000,-0.0104,-0.0658,-0.0526,0.0526,-0.0262
219.336,0.0000,-0.0106,-0.0665,-0.0531,0.0531,-0.0265
221.370,0.0000,-0.0107,-0.0672,-0.0537,0.0537,-0.0268
223.422,0.0000,-0.0108,-0.0680,-0.0543,0.0543,-0.0271
225.494,0.0000,-0.0109,-0.0687,-0.0549,0.0549,-0.0274
227.584,0.0000,-0.0110,-0.0695,-0.0555,0.0555,-0.0277
229.694,0.0000,-0.0112,-0.0702,-0.0561,0.0561,-0.0280
231.824,0.0000,-0.0113,-0.0710,-0.0568,0.0568,-0.0283
233.973,0.0000,-0.0114,-0.0719,-0.0574,0.0574,-0.0286
236.143,0.0000,-0.0115,-0.0727,-0.0581,0.0581,-0.0289
238.332,0.0000,-0.0117,-0.0735,-0.0588,0.0588,-0.0293
240.542,0.0000,-0.0118,-0.0744,-0.0595,0.0595,-0.0296
242.772,0.0000,-0.0120,-0.0753,-0.0602,0.0602,-0.0300
245.023,0.0000,-0.0121,-0.0762,-0.0609,0.0609,-0.0303
247.294,0.0000,-0.0122,-0.0772,-0.0616,0.0616,-0.0307
249.587,0.0000,-0.0124,-0.0781,-0.0624,0.0624,-0.0311
251.901,0.0000,-0.0126,-0.0791,-0.0632,0.0632,-0.0315
254.237,0.0000,-0.0127,-0.0801,-0.0640,0.0640,-0.0319
256.594,0.0000,-0.0129,-0.0811,-0.0648,0.0648,-0.0323
258.973,0.0000,-0.0130,-0.0822,-0.0657,0.0657,-0.0327
261.374,0.0000,-0.0132,-0.0833,-0.0665,0.0665,-0.0331
263.797,0.0000,-0.0134,-0.0844,-0.0674,0.0674,-0.0336
266.243,0.0000,-0.0136,-0.0855,-0.0683,0.0683,-0.0340
268.712,0.0000,-0.0137,-0.0866,-0.0692,0.0692,-0.0345
271.203,0.0000,-0.0139,-0.0878,-0.0701,0.0701,-0.0349
273.717,0.0000,-0.0141,-0.0890,-0.0711,0.0711,-0.0354
276.255,0.0000,-0.0143,-0.0902,-0.0721,0.0721,-0.0359
278.817,0.0000,-0.0145,-0.0915,-0.0731,0.0731,-0.0364
281.402,0.0000,-0.0147,-0.0928,-0.0741,0.0741,-0.0369
284.011,0.0000,-0.0149,-0.0941,-0.0752,0.0752,-0.0374
286.644,0.0000,-0.0151,-0.0954,-0.0762,0.0762,-0.0379
289.301,0.0000,-0.0154,-0.0968,-0.0773,0.0773,-0.0385
291.984,0.0000,-0.0156,-0.0982,-0.0784,0.0784,-0.0390
294.691,0.0000,-0.0158,-0.0997,-0.0796,0.0796,-0.0396
297.423,0.0000,-0.0160,-0.1011,-0.0808,0.0808,-0.0402
300.181,0.0000,-0.0163,-0.1026,-0.0819,0.0819,-0.0408
302.964,0.0000,-0.0165,-0.1041,-0.0832,0.0832,-0.0414
305.773,0.0000,-0.0168,-0.1057,-0.0844,0.0844,-0.0420
308.608,0.0000,-0.0170,-0.1073,-0.0857,0.0857,-0.0426
311.469,0.0000,-0.0173,-0.1089,-0.0870,0.0870,-0.0433
314.357,0.0000,-0.0175,-0.1106,-0.0883,0.0883,-0.0439
317.271,0.0000,-0.0178,-0.1123,-0.0897,0.0897,-0.0446
320.213,0.0000,-0.0181,-0.1140,-0.0910,0.0910,-0.0453
323.182,0.0000,-0.0184,-0.1158,-0.0924,0.0924,-0.0460
326.178,0.0000,-0.0187,-0.1176,-0.0939,0.0939,-0.0467
329.202,0.0000,-0.0189,-0.1195,-0.0954,0.0954,-0.0474
332.255,0.0000,-0.0192,-0.1213,-0.0969,0.0969,-0.0482
335.335,0.0000,-0.0195,-0.1233,-0.0984,0.0984,-0.0489
338.444,0.0000,-0.0199,-0.1252,-0.0999,0.0999,-0.0497
341.582,0.0000,-0.0202,-0.1272,-0.1015,0.1015,-0.0505
344.749,0.0000,-0.0205,-0.1292,-0.1032,0.1032,-0.0513
347.945,0.0000,-0.0208,-0.1313,-0.1048,0.1048,-0.0521
351.171,0.0000,-0.0212,-0.1334,-0.1065,0.1065,-0.0529
354.427,0.0000,-0.0215,-0.1356,-0.1082,0.1082,-0.0538
357.713,0.0000,-0.0218,-0.1378,-0.1100,0.1100,-0.0546
361.030,0.0000,-0.0222,-0.1401,-0.1118,0.1118,-0.0555
364.377,0.0000,-0.0226,-0.1423,-0.1136,0.1136,-0.0564
367.755,0.0000,-0.0229,-0.1447,-0.1154,0.1154,-0.0573
371.165,0.0000,-0.0233,-0.1471,-0.1173,0.1173,-0.0583
374.606,0.0000,-0.0237,-0.1495,-0.1193,0.1193,-0.0592
378.079,0.0000,-0.0241,-0.1520,-0.1212,0.1212,-0.0602
381.585,0.0000,-0.0245,-0.1545,-0.1232,0.1232,-0.0612
385.123,0.0000,-0.0249,-0.1570,-0.1253,0.1253,-0.0622
388.693,0.0000,-0.0253,-0.1597,-0.1274,0.1274,-0.0632
392.297,0.0000,-0.0257,-0.1623,-0.1295,0.1295,-0.0643
395.934,0.0000,-0.0261,-0.1650,-0.1316,0.1316,-0.0653
399.605,0.0000,-0.0266,-0.1678,-0.1338,0.1338,-0.0664
403.310,0.0000,-0.0270,-0.1706,-0.1360,0.1360,-0.0675
407.050,0.0000,-0.0275,-0.1734,-0.1383,0.1383,-0.0686
410.823,0.0000,-0.0279,-0.1764,-0.1406,0.1406,-0.0697
414.632,0.0000,-0.0284,-0.1793,-0.1430,0.1430,-0.0709
418.477,0.0000,-0.0289,-0.1823,-0.1454,0.1454,-0.0721
422.357,0.0000,-0.0294,-0.1854,-0.1478,0.1478,-0.0733
426.272,0.0000,-0.0299,-0.1885,-0.1503,0.1503,-0.0745
430.225,0.0000,-0.0304,-0.1917,-0.1528,0.1528,-0.0757
434.214,0.0000,-0.0309,-0.1949,-0.1554,0.1554,-0.0770
438.239,0.0000,-0.0314,-0.1982,-0.1580,0.1580,-0.0783
442.302,0.0000,-0.0319,-0.2016,-0.1607,0.1607,-0.0796
446.403,0.0000,-0.0325,-0.2050,-0.1634,0.1634,-0.0809
450.542,0.0000,-0.0330,-0.2084,-0.1661,0.1661,-0.0823
454.719,0.0000,-0.0336,-0.2119,-0.1689,0.1689,-0.0836
458.935,0.0000,-0.0341,-0.2155,-0.1717,0.1717,-0.0850
463.190,0.0000,-0.0347,-0.2191,-0.1746,0.1746,-0.0864
467.485,0.0000,-0.0353,-0.2228,-0.1775,0.1775,-0.0879
471.819,0.0000,-0.0359,-0.2266,-0.1805,0.1805,-0.0893
476.194,0.0000,-0.0365,-0.2304,-0.1835,0.1835,-0.0908
480.609,0.0000,-0.0371,-0.2342,-0.1866,0.1866,-0.0923
485.065,0.0000,-0.0377,-0.2382,-0.1897,0.1897,-0.0938
489.562,0.0000,-0.0383,-0.2422,-0.1929,0.1929,-0.0954
494.101,0.0000,-0.0390,-0.2462,-0.1961,0.1961,-0.0969
498.682,0.0000,-0.0396,-0.2503,-0.1993,0.1993,-0.0985
503.305,0.0000,-0.0403,-0.2545,-0.2026,0.2026,-0.1001
507.972,0.0000,-0.0409,-0.2587,-0.2060,0.2060,-0.1018
512.681,0.0000,-0.0416,-0.2630,-0.2094,0.2094,-0.1034
517.435,0.0000,-0.0423,-0.2674,-0.2128,0.2128,-0.1051
522.232,0.0000,-0.0430,-0.2718,-0.2163,0.2163,-0.1068
527.074,0.0000,-0.0437,-0.2762,-0.2199,0.2199,-0.1085
531.961,0.0000,-0.0444,-0.2808,-0.2235,0.2235,-0.1103
536.893,0.0000,-0.0451,-0.2854,-0.2271,0.2271,-0.1121
541.871,0.0000,-0.0459,-0.2900,-0.2308,0.2308,-0.1139
546.895,0.0000,-0.0466,-0.2948,-0.2345,0.2345,-0.1157
551.965,0.0000,-0.0474,-0.2995,-0.2383,0.2383,-0.1175
557.083,0.0000,-0.0481,-0.3044,-0.2421,0.2421,-0.1194
562.248,0.0000,-0.0489,-0.3093,-0.2460,0.2460,-0.1213
567.461,0.0000,-0.0497,-0.3142,-0.2499,0.2499,-0.1232
572.722,0.0000,-0.0505,-0.3192,-0.2539,0.2539,-0.1251
578.032,0.0000,-0.0513,-0.3243,-0.2579,0.2579,-0.1270
583.391,0.0000,-0.0521,-0.3294,-0.2620,0.2620,-0.1290
588.800,0.0000,-0.0529,-0.3346,-0.2660,0.2660,-0.1310
594.259,0.0000,-0.0537,-0.3398,-0.2702,0.2702,-0.1330
599.769,0.0000,-0.0545,-0.3451,-0.2744,0.2744,-0.1350
605.330,0.0000,-0.0554,-0.3505,-0.2786,0.2786,-0.1371
610.942,0.0000,-0.0562,-0.3559,-0.2828,0.2828,-0.1391
616.606,0.0000,-0.0571,-0.3613,-0.2871,0.2871,-0.1412
622.323,0.0000,-0.0579,-0.3668,-0.2914,0.2914,-0.1433
628.093,0.0000,-0.0588,-0.3723,-0.2958,0.2958,-0.1454
633.916,0.0000,-0.0597,-0.3779,-0.3002,0.3002,-0.1475
639.794,0.0000,-0.0606,-0.3835,-0.3046,0.3046,-0.1496
645.726,0.0000,-0.0615,-0.3891,-0.3091,0.3091,-0.1518
651.712,0.0000,-0.0624,-0.3948,-0.3136,0.3136,-0.1540
657.755,0.0000,-0.0633,-0.4006,-0.3181,0.3181,-0.1561
663.853,0.0000,-0.0642,-0.4063,-0.3226,0.3226,-0.1583
670.008,0.0000,-0.0651,-0.4121,-0.3272,0.3272,-0.1605
676.220,0.0000,-0.0660,-0.4179,-0.3318,0.3318,-0.1627
682.490,0.0000,-0.0669,-0.4237,-0.3364,0.3364,-0.1649
688.817,0.0000,-0.0678,-0.4296,-0.3410,0.3410,-0.1671
695.204,0.0000,-0.0688,-0.4355,-0.3456,0.3456,-0.1694
701.649,0.0000,-0.0697,-0.4414,-0.3503,0.3503,-0.1716
708.155,0.0000,-0.0706,-0.4473,-0.3549,0.3549,-0.1738
714.720,0.0000,-0.0716,-0.4532,-0.3595,0.3595,-0.1761
721.347,0.0000,-0.0725,-0.4591,-0.3642,0.3642,-0.1783
728.035,0.0000,-0.0734,-0.4650,-0.3688,0.3688,-0.1805
734.785,0.0000,-0.0744,-0.4709,-0.3735,0.3735,-0.1827
741.598,0.0000,-0.0753,-0.4768,-0.3781,0.3781,-0.1849
748.473,0.0000,-0.0762,-0.4826,-0.3827,0.3827,-0.1872
755.413,0.0000,-0.0771,-0.4885,-0.3873,0.3873,-0.1894
762.417,0.0000,-0.0781,-0.4943,-0.3919,0.3919,-0.1915
769.485,0.0000,-0.0790,-0.5001,-0.3965,0.3965,-0.1937
776.620,0.0000,-0.0799,-0.5059,-0.4010,0.4010,-0.1959
783.820,0.0000,-0.0808,-0.5116,-0.4055,0.4055,-0.1980
791.087,0.0000,-0.0817,-0.5173,-0.4100,0.4100,-0.2002
798.422,0.0000,-0.0826,-0.5229,-0.4144,0.4144,-0.2023
805.824,0.0000,-0.0835,-0.5285,-0.4188,0.4188,-0.2043
813.296,0.0000,-0.0844,-0.5340,-0.4231,0.4231,-0.2064
820.836,0.0000,-0.0852,-0.5395,-0.4274,0.4274,-0.2084
828.446,0.0000,-0.0861,-0.5449,-0.4316,0.4316,-0.2105
836.127,0.0000,-0.0870,-0.5502,-0.4358,0.4358,-0.2124
843.880,0.0000,-0.0878,-0.5554,-0.4399,0.4399,-0.2144
851.704,0.0000,-0.0886,-0.5605,-0.4439,0.4439,-0.2163
859.600,0.0000,-0.0894,-0.5655,-0.4479,0.4479,-0.2182
867.570,0.0000,-0.0902,-0.5705,-0.4517,0.4517,-0.2200
875.614,0.0000,-0.0910,-0.5753,-0.4555,0.4555,-0.2218
883.732,0.0000,-0.0918,-0.5800,-0.4592,0.4592,-0.2235
891.926,0.0000,-0.0925,-0.5846,-0.4628,0.4628,-0.2252
900.195,0.0000,-0.0932,-0.5890,-0.4663,0.4663,-0.2269
908.541,0.0000,-0.0939,-0.5934,-0.4697,0.4697,-0.2285
916.965,0.0000,-0.0946,-0.5976,-0.4730,0.4730,-0.2301
925.466,0.0000,-0.0953,-0.6016,-0.4762,0.4762,-0.2316
934.047,0.0000,-0.0959,-0.6055,-0.4793,0.4793,-0.2330
942.707,0.0000,-0.0966,-0.6093,-0.4822,0.4822,-0.2344
951.447,0.0000,-0.0972,-0.6129,-0.4851,0.4851,-0.2358
960.269,0.0000,-0.0977,-0.6163,-0.4878,0.4878,-0.2370
969.172,0.0000,-0.0983,-0.6196,-0.4904,0.4904,-0.2383
978.157,0.0000,-0.0988,-0.6227,-0.4928,0.4928,-0.2394
987.226,0.0000,-0.0993,-0.6257,-0.4951,0.4951,-0.2405
996.380,0.0000,-0.0998,-0.6284,-0.4973,0.4973,-0.2415
1005.617,0.0000,-0.1002,-0.6310,-0.4993,0.4993,-0.2425
1014.941,0.0000,-0.1007,-0.6334,-0.5012,0.5012,-0.2434
1024.351,0.0000,-0.1011,-0.6356,-0.5030,0.5030,-0.2442
1033.848,0.0000,-0.1014,-0.6377,-0.5046,0.5046,-0.2450
1043.434,0.0000,-0.1018,-0.6395,-0.5060,0.5060,-0.2457
1053.108,0.0000,-0.1021,-0.6411,-0.5074,0.5074,-0.2463
1062.872,0.0000,-0.1024,-0.6426,-0.5085,0.5085,-0.2468
1072.726,0.0000,-0.1026,-0.6438,-0.5095,0.5095,-0.2473
1082.672,0.0000,-0.1028,-0.6449,-0.5104,0.5104,-0.2477
1092.710,0.0000,-0.1030,-0.6458,-0.5111,0.5111,-0.2480
1102.841,0.0000,-0.1033,-0.6467,-0.5119,0.5119,-0.2484
1113.066,0.0000,-0.1043,-0.6522,-0.5166,0.5166,-0.2506
1123.386,0.0000,-0.1064,-0.6641,-0.5272,0.5272,-0.2556
1133.801,0.0000,-0.1098,-0.6829,-0.5438,0.5438,-0.2634
1144.314,0.0000,-0.1144,-0.7091,-0.5669,0.5669,-0.2742
1154.923,0.0000,-0.1204,-0.7430,-0.5968,0.5968,-0.2882
1165.631,0.0000,-0.1279,-0.7853,-0.6341,0.6341,-0.3055
1176.438,0.0000,-0.1368,-0.8364,-0.6790,0.6790,-0.3262
1187.345,0.0000,-0.1473,-0.8970,-0.7321,0.7321,-0.3506
1198.354,0.0000,-0.1594,-0.9675,-0.7938,0.7938,-0.3788
1209.464,0.0000,-0.1732,-1.0488,-0.8648,0.8648,-0.4109
1220.678,0.0000,-0.1889,-1.1415,-0.9454,0.9454,-0.4470
1231.996,0.0000,-0.2064,-1.2463,-1.0362,1.0362,-0.4873
1243.418,0.0000,-0.2258,-1.3641,-1.1379,1.1379,-0.5318
1254.946,0.0000,-0.2472,-1.4956,-1.2511,1.2511,-0.5806
1266.582,0.0000,-0.2706,-1.6419,-1.3762,1.3762,-0.6338
1278.325,0.0000,-0.2962,-1.8037,-1.5140,1.5140,-0.6914
1290.177,0.0000,-0.3239,-1.9822,-1.6650,1.6650,-0.7532
1302.139,0.0000,-0.3537,-2.1781,-1.8299,1.8299,-0.8193
1314.212,0.0000,-0.3858,-2.3927,-2.0091,2.0091,-0.8894
1326.396,0.0000,-0.4200,-2.6270,-2.2033,2.2033,-0.9634
1338.694,0.0000,-0.4564,-2.8819,-2.4129,2.4129,-1.0410
1351.106,0.0000,-0.4950,-3.1586,-2.6382,2.6382,-1.1218
1363.632,0.0000,-0.5356,-3.4581,-2.8796,2.8796,-1.2054
1376.275,0.0000,-0.5781,-3.7814,-3.1372,3.1372,-1.2913
1389.036,0.0000,-0.6226,-4.1295,-3.4110,3.4110,-1.3789
1401.914,0.0000,-0.6687,-4.5032,-3.7008,3.7008,-1.4676
1414.912,0.0000,-0.7164,-4.9032,-4.0060,4.0060,-1.5566
1428.030,0.0000,-0.7654,-5.3301,-4.3260,4.3260,-1.6453
1441.270,0.0000,-0.8156,-5.7843,-4.6598,4.6598,-1.7328
1454.633,0.0000,-0.8665,-6.2660,-5.0058,5.0058,-1.8184
1468.120,0.0000,-0.9179,-6.7749,-5.3623,5.3623,-1.9013
1481.731,0.0000,-0.9695,-7.3105,-5.7271,5.7271,-1.9809
1495.469,0.0000,-1.0209,-7.8718,-6.0975,6.0975,-2.0565
1509.335,0.0000,-1.0717,-8.4571,-6.4704,6.4704,-2.1275
1523.328,0.0000,-1.1216,-9.0643,-6.8425,6.8425,-2.1936
1537.452,0.0000,-1.1701,-9.6905,-7.2100,7.2100,-2.2544
1551.706,0.0000,-1.2169,-10.3321,-7.5691,7.5691,-2.3098
1566.093,0.0000,-1.2616,-10.9847,-7.9158,7.9158,-2.3598
1580.613,0.0000,-1.3038,-11.6429,-8.2466,8.2466,-2.4043
1595.268,0.0000,-1.3432,-12.3009,-8.5579,8.5579,-2.4436
1610.058,0.0000,-1.3796,-12.9519,-8.8470,8.8470,-2.4779
1624.986,0.0000,-1.4128,-13.5891,-9.1116,9.1116,-2.5077
1640.052,0.0000,-1.4425,-14.2053,-9.3504,9.3504,-2.5331
1655.258,0.0000,-1.4689,-14.7937,-9.5629,9.5629,-2.5548
1670.605,0.0000,-1.4919,-15.3482,-9.7492,9.7492,-2.5730
1686.094,0.0000,-1.5116,-15.8641,-9.9103,9.9103,-2.5881
1701.726,0.0000,-1.5283,-16.3378,-10.0479,10.0479,-2.6007
1717.504,0.0000,-1.5423,-16.7680,-10.1641,10.1641,-2.6110
1733.428,0.0000,-1.5539,-17.1547,-10.2612,10.2612,-2.6195
1749.499,0.0000,-1.5636,-17.5000,-10.3419,10.3419,-2.6264
1765.720,0.0000,-1.5718,-17.8068,-10.4087,10.4087,-2.6320
1782.091,0.0000,-1.5789,-18.0789,-10.4638,10.4638,-2.6366
1798.613,0.0000,-1.5856,-18.3195,-10.5094,10.5094,-2.6403
1815.289,0.0000,-1.5919,-18.5423,-10.5494,10.5494,-2.6435
1832.120,0.0000,-1.5981,-18.7633,-10.5876,10.5876,-2.6466
1849.106,0.0000,-1.6040,-18.9824,-10.6240,10.6240,-2.6495
1866.250,0.0000,-1.6098,-19.1997,-10.6588,10.6588,-2.6523
1883.553,0.0000,-1.6154,-19.4148,-10.6920,10.6920,-2.6549
1901.017,0.0000,-1.6208,-19.6279,-10.7237,10.7237,-2.6574
1918.642,0.0000,-1.6260,-19.8386,-10.7539,10.7539,-2.6597
1936.431,0.0000,-1.6310,-20.0471,-10.7827,10.7827,-2.6620
1954.384,0.0000,-1.6359,-20.2530,-10.8101,10.8101,-2.6641
1972.504,0.0000,-1.6406,-20.4564,-10.8362,10.8362,-2.6661
1990.792,0.0000,-1.6452,-20.6571,-10.8610,10.8610,-2.6680
2009.250,0.0000,-1.6496,-20.8550,-10.8847,10.8847,-2.6698
2027.879,0.0000,-1.6538,-21.0501,-10.9072,10.9072,-2.6714
2046.680,0.0000,-1.6579,-21.2422,-10.9286,10.9286,-2.6730
2065.656,0.0000,-1.6619,-21.4314,-10.9489,10.9489,-2.6746
2084.808,0.0000,-1.6657,-21.6174,-10.9683,10.9683,-2.6760
2104.137,0.0000,-1.6693,-21.8003,-10.9867,10.9867,-2.6774
2123.646,0.0000,-1.6729,-21.9799,-11.0042,11.0042,-2.6787
2143.335,0.0000,-1.6763,-22.1561,-11.0208,11.0208,-2.6799
2163.207,0.0000,-1.6796,-22.3291,-11.0366,11.0366,-2.6810
2183.263,0.0000,-1.6827,-22.4985,-11.0516,11.0516,-2.6821
2203.506,0.0000,-1.6858,-22.6645,-11.0659,11.0659,-2.6832
2223.935,0.0000,-1.6887,-22.8270,-11.0794,11.0794,-2.6841
2244.555,0.0000,-1.6915,-22.9859,-11.0922,11.0922,-2.6851
2265.365,0.0000,-1.6942,-23.1412,-11.1044,11.1044,-2.6859
2286.369,0.0000,-1.6968,-23.2928,-11.1160,11.1160,-2.6868
2307.567,0.0000,-1.6993,-23.4408,-11.1270,11.1270,-2.6876
2328.961,0.0000,-1.7017,-23.5851,-11.1375,11.1375,-2.6883
2350.554,0.0000,-1.7040,-23.7257,-11.1474,11.1474,-2.6890
2372.347,0.0000,-1.7062,-23.8626,-11.1568,11.1568,-2.6897
2394.343,0.0000,-1.7083,-23.9958,-11.1657,11.1657,-2.6903
2416.542,0.0000,-1.7104,-24.1253,-11.1742,11.1742,-2.6909
2438.947,0.0000,-1.7123,-24.2510,-11.1822,11.1822,-2.6915
2461.560,0.0000,-1.7142,-24.3731,-11.1899,11.1899,-2.6920
2484.382,0.0000,-1.7160,-24.4914,-11.1971,11.1971,-2.6925
2507.416,0.0000,-1.7177,-24.6062,-11.2040,11.2040,-2.6930
2530.664,0.0000,-1.7193,-24.7173,-11.2105,11.2105,-2.6935
2554.127,0.0000,-1.7209,-24.8247,-11.2167,11.2167,-2.6939
2577.807,0.0000,-1.7224,-24.9287,-11.2225,11.2225,-2.6943
2601.707,0.0000,-1.7239,-25.0291,-11.2281,11.2281,-2.6947
2625.829,0.0000,-1.7253,-25.1260,-11.2333,11.2333,-2.6951
2650.175,0.0000,-1.7266,-25.2195,-11.2383,11.2383,-2.6954
2674.746,0.0000,-1.7278,-25.3096,-11.2431,11.2431,-2.6958
2699.545,0.0000,-1.7290,-25.3963,-11.2475,11.2475,-2.6961
2724.574,0.0000,-1.7302,-25.4798,-11.2518,11.2518,-2.6964
2749.834,0.0000,-1.7313,-25.5600,-11.2558,11.2558,-2.6967
2775.330,0.0000,-1.7323,-25.6371,-11.2596,11.2596,-2.6969
2801.061,0.0000,-1.7333,-25.7111,-11.2632,11.2632,-2.6972
2827.031,0.0000,-1.7343,-25.7821,-11.2667,11.2667,-2.6974
2853.242,0.0000,-1.7352,-25.8501,-11.2699,11.2699,-2.6976
2879.696,0.0000,-1.7361,-25.9152,-11.2729,11.2729,-2.6979
2906.395,0.0000,-1.7369,-25.9775,-11.2758,11.2758,-2.6981
2933.342,0.0000,-1.7377,-26.0370,-11.2786,11.2786,-2.6982
2960.538,0.0000,-1.7384,-26.0938,-11.2812,11.2812,-2.6984
2987.987,0.0000,-1.7391,-26.1481,-11.2836,11.2836,-2.6986
3015.690,0.0000,-1.7398,-26.1998,-11.2859,11.2859,-2.6988
3043.650,0.0000,-1.7405,-26.2490,-11.2881,11.2881,-2.6989
3071.869,0.0000,-1.7411,-26.2958,-11.2902,11.2902,-2.6990
3100.350,0.0000,-1.7416,-26.3404,-11.2921,11.2921,-2.6992
3129.095,0.0000,-1.7422,-26.3827,-11.2939,11.2939,-2.6993
3158.107,0.0000,-1.7427,-26.4228,-11.2956,11.2956,-2.6994
3187.387,0.0000,-1.7432,-26.4608,-11.2973,11.2973,-2.6995
3216.939,0.0000,-1.7437,-26.4968,-11.2988,11.2988,-2.6996
3246.765,0.0000,-1.7441,-26.5308,-11.3002,11.3002,-2.6997
3276.867,0.0000,-1.7445,-26.5630,-11.3016,11.3016,-2.6998
3307.249,0.0000,-1.7449,-26.5933,-11.3028,11.3028,-2.6999
3337.912,0.0000,-1.7453,-26.6219,-11.3040,11.3040,-2.7000
3368.860,0.0000,-1.7456,-26.6488,-11.3051,11.3051,-2.7001
3400.094,0.0000,-1.7459,-26.6741,-11.3062,11.3062,-2.7002
3431.618,0.0000,-1.7462,-26.6978,-11.3071,11.3071,-2.7002
3463.434,0.0000,-1.7465,-26.7201,-11.3080,11.3080,-2.7003
3495.546,0.0000,-1.7468,-26.7409,-11.3089,11.3089,-2.7003
3527.955,0.0000,-1.7471,-26.7604,-11.3097,11.3097,-2.7004
3560.664,0.0000,-1.7473,-26.7786,-11.3104,11.3104,-2.7004
3593.677,0.0000,-1.7475,-26.7955,-11.3111,11.3111,-2.7005
3626.996,0.0000,-1.7477,-26.8045,-11.3117,11.3117,-2.7005
3660.623,0.0000,-1.7479,-26.8119,-11.3123,11.3123,-2.7006
3694.563,0.0000,-1.7481,-26.8189,-11.3128,11.3128,-2.7006
3728.817,0.0000,-1.7482,-26.8254,-11.3133,11.3133,-2.7006
3763.389,0.0000,-1.7484,-26.8316,-11.3138,11.3138,-2.7007
3798.281,0.0000,-1.7485,-26.8374,-11.3142,11.3142,-2.7007
3833.497,0.0000,-1.7487,-26.8428,-11.3145,11.3145,-2.7007
3869.039,0.0000,-1.7488,-26.8479,-11.3148,11.3148,-2.7007
3904.911,0.0000,-1.7489,-26.8526,-11.3151,11.3151,-2.7008
3941.116,0.0000,-1.7490,-26.8571,-11.3154,11.3154,-2.7008
3977.656,0.0000,-1.7491,-26.8612,-11.3156,11.3156,-2.7008
4014.535,0.0000,-1.7491,-26.8651,-11.3158,11.3158,-2.7008
4051.755,0.0000,-1.7492,-26.8687,-11.3159,11.3159,-2.7008
4089.321,0.0000,-1.7493,-26.8720,-11.3160,11.3160,-2.7008
4127.236,0.0000,-1.7493,-26.8751,-11.3161,11.3161,-2.7008
4165.501,0.0000,-1.7494,-26.8754,-11.3162,11.3162,-2.7008
4204.122,0.0000,-1.7494,-26.8693,-11.3163,11.3163,-2.7008
4243.100,0.0000,-1.7494,-26.8639,-11.3163,11.3163,-2.7008
4282.440,0.0000,-1.7494,-26.8590,-11.3163,11.3163,-2.7008
4322.145,0.0000,-1.7495,-26.8546,-11.3163,11.3163,-2.7008
4362.218,0.0000,-1.7495,-26.8506,-11.3163,11.3163,-2.7008
4402.662,0.0000,-1.7495,-26.8472,-11.3162,11.3162,-2.7008
4443.482,0.0000,-1.7495,-26.8441,-11.3162,11.3162,-2.7008
4484.679,0.0000,-1.7495,-26.8414,-11.3161,11.3161,-2.7008
4526.259,0.0000,-1.7495,-26.8391,-11.3160,11.3160,-2.7008
4568.224,0.0000,-1.7495,-26.8372,-11.3159,11.3159,-2.7008
4610.579,0.0000,-1.7495,-26.8356,-11.3158,11.3158,-2.7008
4653.326,0.0000,-1.7494,-26.8342,-11.3157,11.3157,-2.7008
4696.469,0.0000,-1.7494,-26.8332,-11.3156,11.3156,-2.7008
4740.013,0.0000,-1.7494,-26.8323,-11.3154,11.3154,-2.7008
4783.960,0.0000,-1.7494,-26.8318,-11.3153,11.3153,-2.7008
4828.314,0.0000,-1.7493,-26.8314,-11.3152,11.3152,-2.7008
4873.080,0.0000,-1.7493,-26.8313,-11.3150,11.3150,-2.7008
4918.261,0.0000,-1.7493,-26.8313,-11.3149,11.3149,-2.7008
4963.861,0.0000,-1.7492,-26.8315,-11.3147,11.3147,-2.7007
5009.883,0.0000,-1.7492,-26.8318,-11.3146,11.3146,-2.7007
5056.332,0.0000,-1.7491,-26.8323,-11.3144,11.3144,-2.7007
5103.212,0.0000,-1.7491,-26.8329,-11.3143,11.3143,-2.7007
5150.527,0.0000,-1.7490,-26.8336,-11.3141,11.3141,-2.7007
5198.280,0.0000,-1.7490,-26.8344,-11.3140,11.3140,-2.7007
5246.476,0.0000,-1.7489,-26.8352,-11.3138,11.3138,-2.7007
5295.119,0.0000,-1.7489,-26.8362,-11.3137,11.3137,-2.7007
5344.212,0.0000,-1.7488,-26.8372,-11.3135,11.3135,-2.7007
5393.761,0.0000,-1.7488,-26.8383,-11.3133,11.3133,-2.7006
5443.770,0.0000,-1.7487,-26.8394,-11.3132,11.3132,-2.7006
5494.242,0.0000,-1.7487,-26.8406,-11.3130,11.3130,-2.7006
5545.182,0.0000,-1.7486,-26.8418,-11.3129,11.3129,-2.7006
5596.594,0.0000,-1.7485,-26.8430,-11.3127,11.3127,-2.7006
5648.483,0.0000,-1.7485,-26.8442,-11.3126,11.3126,-2.7006
5700.853,0.0000,-1.7484,-26.8455,-11.3124,11.3124,-2.7006
5753.708,0.0000,-1.7484,-26.8467,-11.3123,11.3123,-2.7006
5807.054,0.0000,-1.7483,-26.8480,-11.3122,11.3122,-2.7006
5860.894,0.0000,-1.7482,-26.8492,-11.3120,11.3120,-2.7006
5915.233,0.0000,-1.7482,-26.8504,-11.3119,11.3119,-2.7005
5970.076,0.0000,-1.7481,-26.8516,-11.3117,11.3117,-2.7005
6025.428,0.0000,-1.7481,-26.8528,-11.3116,11.3116,-2.7005
6081.293,0.0000,-1.7480,-26.8539,-11.3115,11.3115,-2.7005
6137.676,0.0000,-1.7479,-26.8551,-11.3114,11.3114,-2.7005
6194.581,0.0000,-1.7479,-26.8562,-11.3112,11.3112,-2.7005
6252.014,0.0000,-1.7478,-26.8572,-11.3111,11.3111,-2.7005
6309.980,0.0000,-1.7478,-26.8582,-11.3110,11.3110,-2.7005
6368.483,0.0000,-1.7477,-26.8592,-11.3109,11.3109,-2.7005
6427.529,0.0000,-1.7476,-26.8602,-11.3108,11.3108,-2.7005
6487.122,0.0000,-1.7476,-26.8611,-11.3107,11.3107,-2.7005
6547.267,0.0000,-1.7475,-26.8619,-11.3105,11.3105,-2.7005
6607.970,0.0000,-1.7475,-26.8626,-11.3104,11.3104,-2.7004
6669.236,0.0000,-1.7474,-26.8628,-11.3103,11.3103,-2.7004
6731.070,0.0000,-1.7473,-26.8631,-11.3102,11.3102,-2.7004
6793.477,0.0000,-1.7473,-26.8634,-11.3101,11.3101,-2.7004
6856.463,0.0000,-1.7472,-26.8637,-11.3100,11.3100,-2.7004
6920.033,0.0000,-1.7472,-26.8639,-11.3100,11.3100,-2.7004
6984.192,0.0000,-1.7471,-26.8642,-11.3099,11.3099,-2.7004
7048.946,0.0000,-1.7470,-26.8645,-11.3098,11.3098,-2.7004
7114.300,0.0000,-1.7470,-26.8647,-11.3097,11.3097,-2.7004
7180.261,0.0000,-1.7469,-26.8650,-11.3096,11.3096,-2.7004
7246.833,0.0000,-1.7469,-26.8652,-11.3095,11.3095,-2.7004
7314.022,0.0000,-1.7468,-26.8655,-11.3094,11.3094,-2.7004
7381.834,0.0000,-1.7467,-26.8657,-11.3094,11.3094,-2.7004
7450.275,0.0000,-1.7466,-26.8659,-11.3093,11.3093,-2.7004
7519.350,0.0000,-1.7466,-26.8661,-11.3092,11.3092,-2.7004
7589.066,0.0000,-1.7465,-26.8663,-11.3091,11.3091,-2.7004
7659.428,0.0000,-1.7464,-26.8661,-11.3091,11.3091,-2.7004
7730.442,0.0000,-1.7464,-26.8657,-11.3090,11.3090,-2.7003
7802.115,0.0000,-1.7463,-26.8653,-11.3089,11.3089,-2.7003
7874.453,0.0000,-1.7462,-26.8651,-11.3088,11.3088,-2.7003
7947.461,0.0000,-1.7462,-26.8648,-11.3088,11.3088,-2.7003
8021.146,0.0000,-1.7461,-26.8646,-11.3087,11.3087,-2.7003
8095.514,0.0000,-1.7461,-26.8644,-11.3087,11.3087,-2.7003
8170.572,0.0000,-1.7460,-26.8642,-11.3086,11.3086,-2.7003
8246.325,0.0000,-1.7460,-26.8641,-11.3085,11.3085,-2.7003
8322.781,0.0000,-1.7459,-26.8640,-11.3085,11.3085,-2.7003
8399.946,0.0000,-1.7459,-26.8639,-11.3084,11.3084,-2.7003
8477.826,0.0000,-1.7458,-26.8639,-11.3084,11.3084,-2.7003
8556.428,0.0000,-1.7458,-26.8638,-11.3083,11.3083,-2.7003
8635.759,0.0000,-1.7457,-26.8638,-11.3083,11.3083,-2.7003
8715.826,0.0000,-1.7457,-26.8638,-11.3082,11.3082,-2.7003
8796.635,0.0000,-1.7457,-26.8639,-11.3082,11.3082,-2.7003
8878.193,0.0000,-1.7456,-26.8639,-11.3081,11.3081,-2.7003
8960.507,0.0000,-1.7456,-26.8639,-11.3081,11.3081,-2.7003
9043.585,0.0000,-1.7456,-26.8640,-11.3080,11.3080,-2.7003
9127.433,0.0000,-1.7455,-26.8641,-11.3080,11.3080,-2.7003
9212.058,0.0000,-1.7455,-26.8641,-11.3079,11.3079,-2.7003
9297.467,0.0000,-1.7455,-26.8642,-11.3079,11.3079,-2.7003
9383.669,0.0000,-1.7454,-26.8643,-11.3079,11.3079,-2.7003
9470.670,0.0000,-1.7454,-26.8644,-11.3078,11.3078,-2.7003
9558.477,0.0000,-1.7454,-26.8645,-11.3078,11.3078,-2.7003
9647.099,0.0000,-1.7454,-26.8644,-11.3078,11.3078,-2.7003
9736.542,0.0000,-1.7453,-26.8644,-11.3077,11.3077,-2.7003
9826.815,0.0000,-1.7453,-26.8644,-11.3077,11.3077,-2.7003
9917.924,0.0000,-1.7453,-26.8645,-11.3077,11.3077,-2.7003
10009.878,0.0000,-1.7452,-26.8645,-11.3076,11.3076,-2.7003
10102.685,0.0000,-1.7452,-26.8645,-11.3076,11.3076,-2.7003
10196.352,0.0000,-1.7452,-26.8645,-11.3076,11.3076,-2.7002
10290.888,0.0000,-1.7452,-26.8646,-11.3075,11.3075,-2.7002
10386.300,0.0000,-1.7452,-26.8646,-11.3075,11.3075,-2.7002
10482.597,0.0000,-1.7451,-26.8646,-11.3075,11.3075,-2.7002
10579.786,0.0000,-1.7451,-26.8647,-11.3075,11.3075,-2.7002
10677.877,0.0000,-1.7451,-26.8647,-11.3074,11.3074,-2.7002
10776.877,0.0000,-1.7451,-26.8648,-11.3074,11.3074,-2.7002
10876.795,0.0000,-1.7450,-26.8648,-11.3074,11.3074,-2.7002
10977.639,0.0000,-1.7450,-26.8649,-11.3074,11.3074,-2.7002
11079.419,0.0000,-1.7450,-26.8648,-11.3073,11.3073,-2.7002
11182.142,0.0000,-1.7450,-26.8648,-11.3073,11.3073,-2.7002
11285.817,0.0000,-1.7450,-26.8647,-11.3073,11.3073,-2.7002
11390.454,0.0000,-1.7449,-26.8647,-11.3073,11.3073,-2.7002
11496.060,0.0000,-1.7449,-26.8646,-11.3072,11.3072,-2.7002
11602.646,0.0000,-1.7449,-26.8646,-11.3072,11.3072,-2.7002
11710.220,0.0000,-1.7449,-26.8646,-11.3072,11.3072,-2.7002
11818.792,0.0000,-1.7449,-26.8645,-11.3072,11.3072,-2.7002
11928.370,0.0000,-1.7449,-26.8645,-11.3072,11.3072,-2.7002
12038.964,0.0000,-1.7448,-26.8645,-11.3072,11.3072,-2.7002
12150.583,0.0000,-1.7448,-26.8645,-11.3071,11.3071,-2.7002
12263.238,0.0000,-1.7448,-26.8645,-11.3071,11.3071,-2.7002
12376.936,0.0000,-1.7448,-26.8645,-11.3071,11.3071,-2.7002
12491.689,0.0000,-1.7448,-26.8645,-11.3071,11.3071,-2.7002
12607.506,0.0000,-1.7448,-26.8645,-11.3071,11.3071,-2.7002
12724.397,0.0000,-1.7448,-26.8644,-11.3071,11.3071,-2.7002
12842.371,0.0000,-1.7448,-26.8644,-11.3071,11.3071,-2.7002
12961.440,0.0000,-1.7447,-26.8644,-11.3070,11.3070,-2.7002
13081.612,0.0000,-1.7447,-26.8644,-11.3070,11.3070,-2.7002
13202.898,0.0000,-1.7447,-26.8644,-11.3070,11.3070,-2.7002
13325.309,0.0000,-1.7447,-26.8644,-11.3070,11.3070,-2.7002
13448.855,0.0000,-1.7447,-26.8644,-11.3070,11.3070,-2.7002
13573.546,0.0000,-1.7447,-26.8644,-11.3070,11.3070,-2.7002
13699.393,0.0000,-1.7447,-26.8644,-11.3070,11.3070,-2.7002
13826.408,0.0000,-1.7447,-26.8645,-11.3070,11.3070,-2.7002
13954.599,0.0000,-1.7447,-26.8645,-11.3070,11.3070,-2.7002
14083.980,0.0000,-1.7446,-26.8645,-11.3069,11.3069,-2.7002
14214.559,0.0000,-1.7446,-26.8645,-11.3069,11.3069,-2.7002
14346.350,0.0000,-1.7446,-26.8645,-11.3069,11.3069,-2.7002
14479.362,0.0000,-1.7446,-26.8645,-11.3069,11.3069,-2.7002
14613.608,0.0000,-1.7446,-26.8645,-11.3069,11.3069,-2.7002
14749.098,0.0000,-1.7446,-26.8645,-11.3069,11.3069,-2.7002
14885.845,0.0000,-1.7446,-26.8645,-11.3069,11.3069,-2.7002
15023.859,0.0000,-1.7446,-26.8644,-11.3069,11.3069,-2.7002
15163.153,0.0000,-1.7446,-26.8644,-11.3069,11.3069,-2.7002
15303.738,0.0000,-1.7446,-26.8644,-11.3069,11.3069,-2.7002
15445.627,0.0000,-1.7446,-26.8644,-11.3069,11.3069,-2.7002
15588.832,0.0000,-1.7446,-26.8644,-11.3069,11.3069,-2.7002
15733.364,0.0000,-1.7446,-26.8644,-11.3068,11.3068,-2.7002
15879.236,0.0000,-1.7446,-26.8644,-11.3068,11.3068,-2.7002
16026.460,0.0000,-1.7446,-26.8644,-11.3068,11.3068,-2.7002
16175.050,0.0000,-1.7446,-26.8644,-11.3068,11.3068,-2.7002
16325.017,0.0000,-1.7445,-26.8644,-11.3068,11.3068,-2.7002
16476.375,0.0000,-1.7445,-26.8644,-11.3068,11.3068,-2.7002
16629.136,0.0000,-1.7445,-26.8644,-11.3068,11.3068,-2.7002
16783.313,0.0000,-1.7445,-26.8644,-11.3068,11.3068,-2.7002
16938.920,0.0000,-1.7445,-26.8644,-11.3068,11.3068,-2.7002
17095.969,0.0000,-1.7445,-26.8644,-11.3068,11.3068,-2.7002
17254.475,0.0000,-1.7445,-26.8644,-11.3068,11.3068,-2.7002
17414.450,0.0000,-1.7445,-26.8644,-11.3068,11.3068,-2.7002
17575.908,0.0000,-1.7445,-26.8644,-11.3068,11.3068,-2.7002
17738.863,0.0000,-1.7445,-26.8644,-11.3068,11.3068,-2.7002
17903.329,0.0000,-1.7445,-26.8644,-11.3068,11.3068,-2.7002
18069.320,0.0000,-1.7445,-26.8644,-11.3068,11.3068,-2.7002
18236.850,0.0000,-1.7445,-26.8644,-11.3068,11.3068,-2.7002
18405.934,0.0000,-1.7445,-26.8644,-11.3068,11.3068,-2.7002
18576.585,0.0000,-1.7445,-26.8644,-11.3068,11.3068,-2.7002
18748.818,0.0000,-1.7445,-26.8643,-11.3068,11.3068,-2.7002
18922.648,0.0000,-1.7445,-26.8643,-11.3068,11.3068,-2.7002
19098.089,0.0000,-1.7445,-26.8643,-11.3068,11.3068,-2.7002
19275.157,0.0000,-1.7445,-26.8643,-11.3068,11.3068,-2.7002
19453.867,0.0000,-1.7445,-26.8643,-11.3067,11.3067,-2.7002
19634.234,0.0000,-1.7445,-26.8643,-11.3067,11.3067,-2.7002
19816.273,0.0000,-1.7445,-26.8643,-11.3067,11.3067,-2.7002
20000.000,0.0000,-1.7445,-26.8643,-11.3067,11.3067,-2.7002
