freq_Hz,woofer_dB,mid_dB,tweeter_dB,sum_dB
20.00,-12.6953,-91.1571,-198.2866,-12.6942
20.07,-12.6227,-91.0350,-198.1649,-12.6217
20.14,-12.5505,-90.9130,-198.0432,-12.5495
20.21,-12.4787,-90.7910,-197.9215,-12.4777
20.28,-12.4072,-90.6690,-197.7998,-12.4061
20.35,-12.3361,-90.5469,-197.6781,-12.3350
20.42,-12.2652,-90.4249,-197.5564,-12.2642
20.50,-12.1948,-90.3029,-197.4346,-12.1937
20.57,-12.1247,-90.1809,-197.3129,-12.1236
20.64,-12.0549,-90.0588,-197.1912,-12.0538
20.71,-11.9855,-89.9368,-197.0695,-11.9844
20.79,-11.9164,-89.8148,-196.9478,-11.9153
20.86,-11.8477,-89.6927,-196.8261,-11.8465
20.93,-11.7793,-89.5707,-196.7043,-11.7781
21.01,-11.7112,-89.4486,-196.5826,-11.7101
21.08,-11.6435,-89.3266,-196.4609,-11.6424
21.15,-11.5762,-89.2045,-196.3392,-11.5751
21.23,-11.5092,-89.0381,-196.2175,-11.5080
21.30,-11.4426,-88.8274,-196.0958,-11.4414
21.38,-11.3763,-88.6163,-195.9740,-11.3751
21.45,-11.3103,-88.4049,-195.8523,-11.3091
21.53,-11.2447,-88.1933,-195.7306,-11.2435
21.60,-11.1795,-87.9813,-195.6089,-11.1782
21.68,-11.1146,-87.7690,-195.4872,-11.1133
21.75,-11.0500,-87.5563,-195.3655,-11.0487
21.83,-10.9858,-87.3434,-195.2438,-10.9845
21.91,-10.9220,-87.1301,-195.1220,-10.9206
21.98,-10.8585,-86.9165,-195.0003,-10.8571
22.06,-10.7953,-86.7026,-194.8786,-10.7939
22.14,-10.7325,-86.4884,-194.7569,-10.7311
22.22,-10.6701,-86.2738,-194.6352,-10.6687
22.29,-10.6080,-86.0589,-194.5135,-10.6065
22.37,-10.5463,-85.8437,-194.3917,-10.5448
22.45,-10.4849,-85.6283,-194.2700,-10.4833
22.53,-10.4238,-85.4233,-194.1483,-10.4223
22.61,-10.3631,-85.2179,-194.0266,-10.3616
22.69,-10.3028,-85.0123,-193.9049,-10.3012
22.77,-10.2428,-84.8064,-193.7832,-10.2412
22.85,-10.1832,-84.6002,-193.6614,-10.1815
22.93,-10.1239,-84.3937,-193.5397,-10.1222
23.01,-10.0649,-84.1869,-193.4180,-10.0632
23.09,-10.0063,-83.9799,-193.2963,-10.0046
23.17,-9.9481,-83.7725,-193.1746,-9.9463
23.25,-9.8902,-83.5648,-193.0529,-9.8884
23.33,-9.8327,-83.3568,-192.9312,-9.8308
23.42,-9.7755,-83.1485,-192.8094,-9.7736
23.50,-9.7186,-82.9399,-192.6877,-9.7168
23.58,-9.6622,-82.7309,-192.5660,-9.6602
23.66,-9.6060,-82.5217,-192.4443,-9.6041
23.75,-9.5502,-82.3122,-192.3226,-9.5482
23.83,-9.4948,-82.1263,-192.2009,-9.4928
23.91,-9.4397,-81.9570,-192.0791,-9.4376
24.00,-9.3849,-81.7876,-191.9574,-9.3829
24.08,-9.3305,-81.6181,-191.8357,-9.3284
24.17,-9.2765,-81.4483,-191.7140,-9.2744
24.25,-9.2228,-81.2784,-191.5923,-9.2206
24.34,-9.1694,-81.1083,-191.4706,-9.1672
24.42,-9.1164,-80.9381,-191.3488,-9.1142
24.51,-9.0637,-80.7677,-191.2271,-9.0615
24.59,-9.0114,-80.5971,-191.1054,-9.0091
24.68,-8.9595,-80.4263,-190.9837,-8.9571
24.77,-8.9078,-80.2554,-190.8620,-8.9055
24.85,-8.8565,-80.0843,-190.7403,-8.8541
24.94,-8.8056,-79.9130,-190.6185,-8.8032
25.03,-8.7550,-79.7416,-190.4968,-8.7525
25.11,-8.7047,-79.5699,-190.3751,-8.7022
25.20,-8.6548,-79.4005,-190.2534,-8.6523
25.29,-8.6052,-79.3078,-190.1317,-8.6027
25.38,-8.5560,-79.2153,-190.0100,-8.5535
25.47,-8.5071,-79.1228,-189.8883,-8.5045
25.56,-8.4585,-79.0304,-189.7665,-8.4560
25.65,-8.4103,-78.9382,-189.6448,-8.4077
25.74,-8.3625,-78.8460,-189.5231,-8.3599
25.83,-8.3149,-78.7539,-189.4014,-8.3123
25.92,-8.2677,-78.6620,-189.2797,-8.2651
26.01,-8.2208,-78.5701,-189.1580,-8.2182
26.10,-8.1743,-78.4784,-189.0362,-8.1717
26.19,-8.1281,-78.3867,-188.9145,-8.1255
26.28,-8.0823,-78.2952,-188.7928,-8.0796
26.38,-8.0367,-78.2038,-188.6711,-8.0340
26.47,-7.9915,-78.1124,-188.5494,-7.9888
26.56,-7.9467,-78.0212,-188.4277,-7.9440
26.66,-7.9021,-77.9301,-188.3059,-7.8994
26.75,-7.8579,-77.8476,-188.1842,-7.8552
26.84,-7.8141,-77.7729,-188.0625,-7.8113
26.94,-7.7705,-77.6984,-187.9408,-7.7678
27.03,-7.7273,-77.6241,-187.8191,-7.7245
27.13,-7.6844,-77.5500,-187.6974,-7.6816
27.22,-7.6419,-77.4760,-187.5756,-7.6391
27.32,-7.5996,-77.4021,-187.4539,-7.5968
27.41,-7.5577,-77.3285,-187.3322,-7.5549
27.51,-7.5161,-77.2550,-187.2105,-7.5133
27.61,-7.4748,-77.1816,-187.0888,-7.4720
27.70,-7.4339,-77.1085,-186.9671,-7.4310
27.80,-7.3933,-77.0355,-186.8453,-7.3904
27.90,-7.3530,-76.9627,-186.7236,-7.3501
28.00,-7.3130,-76.8900,-186.6019,-7.3101
28.09,-7.2733,-76.8175,-186.4802,-7.2704
28.19,-7.2339,-76.7452,-186.3585,-7.2310
28.29,-7.1949,-76.6592,-186.2368,-7.1920
28.39,-7.1562,-76.4665,-186.1151,-7.1532
28.49,-7.1178,-76.2735,-185.9933,-7.1147
28.59,-7.0797,-76.0803,-185.8716,-7.0766
28.69,-7.0419,-75.8868,-185.7499,-7.0387
28.79,-7.0044,-75.6931,-185.6282,-7.0012
28.89,-6.9672,-75.4991,-185.5065,-6.9639
28.99,-6.9303,-75.3049,-185.3848,-6.9270
29.10,-6.8938,-75.1104,-185.2630,-6.8904
29.20,-6.8575,-74.9156,-185.1413,-6.8541
29.30,-6.8216,-74.7206,-185.0196,-6.8181
29.40,-6.7859,-74.5253,-184.8979,-6.7823
29.51,-6.7505,-74.3298,-184.7762,-6.7469
29.61,-6.7155,-74.1340,-184.6545,-6.7118
29.71,-6.6807,-73.9380,-184.5327,-6.6770
29.82,-6.6463,-73.7417,-184.4110,-6.6424
29.92,-6.6121,-73.5451,-184.2893,-6.6082
30.03,-6.5783,-73.3374,-184.1676,-6.5743
30.13,-6.5447,-73.1204,-184.0459,-6.5406
30.24,-6.5114,-72.9031,-183.9242,-6.5072
30.34,-6.4784,-72.6854,-183.8024,-6.4742
30.45,-6.4457,-72.4674,-183.6807,-6.4414
30.56,-6.4133,-72.2491,-183.5590,-6.4089
30.67,-6.3812,-72.0304,-183.4373,-6.3766
30.77,-6.3493,-71.8114,-183.3156,-6.3447
30.88,-6.3178,-71.5920,-183.1939,-6.3130
30.99,-6.2865,-71.3723,-183.0721,-6.2816
31.10,-6.2555,-71.1523,-182.9504,-6.2505
31.21,-6.2248,-70.9319,-182.8287,-6.2197
31.32,-6.1943,-70.7112,-182.7070,-6.1892
31.43,-6.1642,-70.4901,-182.5853,-6.1589
31.54,-6.1343,-70.2686,-182.4636,-6.1289
31.65,-6.1047,-70.0468,-182.3418,-6.0991
31.76,-6.0753,-69.8256,-182.2201,-6.0697
31.87,-6.0462,-69.6149,-182.0984,-6.0405
31.98,-6.0174,-69.4038,-181.9767,-6.0116
32.09,-5.9889,-69.1924,-181.8550,-5.9829
32.21,-5.9606,-68.9807,-181.7333,-5.9545
32.32,-5.9326,-68.7687,-181.6115,-5.9264
32.43,-5.9049,-68.5563,-181.4898,-5.8985
32.55,-5.8774,-68.3437,-181.3681,-5.8709
32.66,-5.8502,-68.1307,-181.2464,-5.8435
32.78,-5.8232,-67.9174,-181.1247,-5.8164
32.89,-5.7965,-67.7038,-181.0030,-5.7895
33.01,-5.7700,-67.4899,-180.8813,-5.7629
33.12,-5.7438,-67.2756,-180.7595,-5.7366
33.24,-5.7179,-67.0610,-180.6378,-5.7105
33.36,-5.6922,-66.8461,-180.5161,-5.6846
33.47,-5.6667,-66.6309,-180.3944,-5.6590
33.59,-5.6415,-66.4153,-180.2727,-5.6336
33.71,-5.6166,-66.2395,-180.1510,-5.6085
33.83,-5.5919,-66.0935,-180.0292,-5.5837
33.94,-5.5674,-65.9474,-179.9075,-5.5591
34.06,-5.5432,-65.8013,-179.7858,-5.5347
34.18,-5.5192,-65.6550,-179.6641,-5.5106
34.30,-5.4954,-65.5087,-179.5424,-5.4867
34.42,-5.4719,-65.3623,-179.4207,-5.4631
34.54,-5.4486,-65.2157,-179.2989,-5.4397
34.67,-5.4256,-65.0691,-179.1772,-5.4165
34.79,-5.4027,-64.9225,-179.0555,-5.3936
34.91,-5.3801,-64.7757,-178.9338,-5.3708
35.03,-5.3578,-64.6288,-178.8121,-5.3483
35.15,-5.3356,-64.4819,-178.6904,-5.3261
35.28,-5.3137,-64.3348,-178.5686,-5.3040
35.40,-5.2920,-64.1877,-178.4469,-5.2822
35.53,-5.2706,-64.0405,-178.3252,-5.2605
35.65,-5.2493,-63.8913,-178.2035,-5.2391
35.78,-5.2283,-63.7215,-178.0818,-5.2179
35.90,-5.2074,-63.5515,-177.9601,-5.1969
36.03,-5.1868,-63.3813,-177.8383,-5.1762
36.15,-5.1664,-63.2110,-177.7166,-5.1556
36.28,-5.1463,-63.0406,-177.5949,-5.1352
36.41,-5.1263,-62.8699,-177.4732,-5.1150
36.54,-5.1065,-62.6991,-177.3515,-5.0951
36.66,-5.0870,-62.5281,-177.2298,-5.0753
36.79,-5.0676,-62.3569,-177.1080,-5.0558
36.92,-5.0485,-62.1856,-176.9863,-5.0364
37.05,-5.0295,-62.0141,-176.8646,-5.0172
37.18,-5.0108,-61.8424,-176.7429,-4.9983
37.31,-4.9922,-61.6706,-176.6212,-4.9795
37.44,-4.9739,-61.4985,-176.4995,-4.9609
37.57,-4.9557,-61.3263,-176.3777,-4.9425
37.71,-4.9377,-61.1540,-176.2560,-4.9243
37.84,-4.9200,-60.9835,-176.1343,-4.9063
37.97,-4.9024,-60.8139,-176.0126,-4.8885
38.10,-4.8850,-60.6441,-175.8909,-4.8709
38.24,-4.8678,-60.4742,-175.7692,-4.8534
38.37,-4.8508,-60.3041,-175.6474,-4.8361
38.51,-4.8339,-60.1338,-175.5257,-4.8190
38.64,-4.8173,-59.9634,-175.4040,-4.8021
38.78,-4.8008,-59.7928,-175.2823,-4.7853
38.91,-4.7845,-59.6220,-175.1606,-4.7688
39.05,-4.7684,-59.4511,-175.0389,-4.7524
39.19,-4.7524,-59.2800,-174.9172,-4.7361
39.33,-4.7367,-59.1087,-174.7954,-4.7201
39.46,-4.7211,-58.9372,-174.6737,-4.7042
39.60,-4.7056,-58.7656,-174.5520,-4.6884
39.74,-4.6904,-58.5938,-174.4303,-4.6729
39.88,-4.6753,-58.4218,-174.3086,-4.6575
40.02,-4.6604,-58.2534,-174.1869,-4.6422
40.16,-4.6456,-58.1074,-174.0651,-4.6272
40.30,-4.6310,-57.9614,-173.9434,-4.6123
40.44,-4.6166,-57.8152,-173.8217,-4.5976
40.58,-4.6023,-57.6690,-173.7000,-4.5831
40.73,-4.5882,-57.5226,-173.5783,-4.5687
40.87,-4.5743,-57.3762,-173.4566,-4.5544
41.01,-4.5605,-57.2297,-173.3348,-4.5403
41.16,-4.5469,-57.0832,-173.2131,-4.5264
41.30,-4.5334,-56.9365,-173.0914,-4.5126
41.45,-4.5200,-56.7897,-172.9697,-4.4989
41.59,-4.5069,-56.6429,-172.8480,-4.4854
41.74,-4.4938,-56.4960,-172.7263,-4.4720
41.88,-4.4809,-56.3490,-172.6045,-4.4588
42.03,-4.4682,-56.2019,-172.4828,-4.4457
42.18,-4.4556,-56.0548,-172.3611,-4.4328
42.33,-4.4432,-55.9075,-172.2394,-4.4200
42.48,-4.4309,-55.7801,-172.1177,-4.4074
42.63,-4.4187,-55.6636,-171.9960,-4.3949
42.77,-4.4067,-55.5472,-171.8742,-4.3826
42.92,-4.3948,-55.4308,-171.7525,-4.3705
43.08,-4.3831,-55.3144,-171.6308,-4.3584
43.23,-4.3714,-55.1980,-171.5091,-4.3465
43.38,-4.3600,-55.0817,-171.3874,-4.3347
43.53,-4.3486,-54.9654,-171.2657,-4.3231
43.68,-4.3374,-54.8491,-171.1439,-4.3116
43.84,-4.3263,-54.7328,-171.0222,-4.3002
43.99,-4.3154,-54.6165,-170.9005,-4.2889
44.14,-4.3046,-54.5003,-170.7788,-4.2778
44.30,-4.2939,-54.3841,-170.6571,-4.2667
44.46,-4.2833,-54.2679,-170.5354,-4.2558
44.61,-4.2729,-54.1518,-170.4136,-4.2451
44.77,-4.2625,-54.0357,-170.2919,-4.2344
44.92,-4.2523,-53.9297,-170.1702,-4.2239
45.08,-4.2423,-53.8783,-170.0485,-4.2137
45.24,-4.2323,-53.8270,-169.9268,-4.2036
45.40,-4.2225,-53.7761,-169.8051,-4.1936
45.56,-4.2128,-53.7254,-169.6834,-4.1838
45.72,-4.2032,-53.6749,-169.5616,-4.1740
45.88,-4.1937,-53.6247,-169.4399,-4.1644
46.04,-4.1843,-53.5747,-169.3182,-4.1549
46.20,-4.1751,-53.5251,-169.1965,-4.1455
46.36,-4.1659,-53.4756,-169.0748,-4.1362
46.53,-4.1569,-53.4265,-168.9531,-4.1271
46.69,-4.1480,-53.3776,-168.8313,-4.1180
46.85,-4.1392,-53.3289,-168.7096,-4.1091
47.02,-4.1304,-53.2805,-168.5879,-4.1002
47.18,-4.1219,-53.2324,-168.4662,-4.0915
47.35,-4.1134,-53.1846,-168.3445,-4.0829
47.51,-4.1050,-53.1370,-168.2228,-4.0743
47.68,-4.0967,-53.0079,-168.1010,-4.0656
47.85,-4.0885,-52.8384,-167.9793,-4.0569
48.02,-4.0805,-52.6686,-167.8576,-4.0482
48.19,-4.0725,-52.4988,-167.7359,-4.0396
48.35,-4.0646,-52.3287,-167.6142,-4.0311
48.52,-4.0568,-52.1585,-167.4925,-4.0227
48.69,-4.0492,-51.9882,-167.3707,-4.0144
48.87,-4.0416,-51.8176,-167.2490,-4.0062
49.04,-4.0341,-51.6469,-167.1273,-3.9980
49.21,-4.0267,-51.4761,-167.0056,-3.9900
49.38,-4.0195,-51.3051,-166.8839,-3.9820
49.55,-4.0123,-51.1339,-166.7622,-3.9741
49.73,-4.0052,-50.9626,-166.6404,-3.9663
49.90,-3.9982,-50.7911,-166.5187,-3.9585
50.08,-3.9913,-50.6194,-166.3970,-3.9509
50.25,-3.9844,-50.4476,-166.2753,-3.9433
50.43,-3.9777,-50.2658,-166.1536,-3.9357
50.61,-3.9711,-50.0371,-166.0319,-3.9280
50.79,-3.9645,-49.8081,-165.9102,-3.9203
50.96,-3.9581,-49.5786,-165.7884,-3.9127
51.14,-3.9517,-49.3489,-165.6667,-3.9052
51.32,-3.9454,-49.1187,-165.5450,-3.8977
51.50,-3.9392,-48.8882,-165.4233,-3.8902
51.68,-3.9331,-48.6573,-165.3016,-3.8828
51.86,-3.9271,-48.4261,-165.1799,-3.8755
52.05,-3.9211,-48.1944,-165.0581,-3.8682
52.23,-3.9153,-47.9624,-164.9364,-3.8609
52.41,-3.9095,-47.7301,-164.8147,-3.8537
52.60,-3.9038,-47.4973,-164.6930,-3.8466
52.78,-3.8982,-47.2642,-164.5713,-3.8394
52.97,-3.8927,-47.0307,-164.4496,-3.8323
53.15,-3.8872,-46.7968,-164.3278,-3.8253
53.34,-3.8818,-46.5625,-164.2061,-3.8183
53.53,-3.8766,-46.3243,-164.0844,-3.8113
53.71,-3.8713,-46.0842,-163.9627,-3.8043
53.90,-3.8662,-45.8437,-163.8410,-3.7973
54.09,-3.8612,-45.6028,-163.7193,-3.7904
54.28,-3.8562,-45.3615,-163.5976,-3.7835
54.47,-3.8513,-45.1198,-163.4758,-3.7766
54.66,-3.8465,-44.8777,-163.3541,-3.7697
54.85,-3.8417,-44.6352,-163.2324,-3.7628
55.05,-3.8371,-44.3923,-163.1107,-3.7560
55.24,-3.8325,-44.1490,-162.9890,-3.7491
55.43,-3.8280,-43.9052,-162.8673,-3.7423
55.63,-3.8235,-43.6611,-162.7455,-3.7355
55.82,-3.8192,-43.4165,-162.6238,-3.7286
56.02,-3.8149,-43.1716,-162.5021,-3.7218
56.22,-3.8106,-42.9262,-162.3804,-3.7150
56.41,-3.8065,-42.6804,-162.2587,-3.7082
56.61,-3.8024,-42.4466,-162.1370,-3.7015
56.81,-3.7984,-42.2599,-162.0152,-3.6954
57.01,-3.7945,-42.0730,-161.8935,-3.6892
57.21,-3.7906,-41.8858,-161.7718,-3.6832
57.41,-3.7869,-41.6985,-161.6501,-3.6771
57.61,-3.7832,-41.5109,-161.5284,-3.6711
57.81,-3.7795,-41.3231,-161.4067,-3.6650
58.02,-3.7759,-41.1351,-161.2850,-3.6590
58.22,-3.7725,-40.9469,-161.1632,-3.6530
58.42,-3.7690,-40.7585,-161.0415,-3.6470
58.63,-3.7657,-40.5699,-160.9198,-3.6411
58.84,-3.7624,-40.3811,-160.7981,-3.6351
59.04,-3.7592,-40.1920,-160.6764,-3.6292
59.25,-3.7560,-40.0028,-160.5547,-3.6232
59.46,-3.7529,-39.8133,-160.4329,-3.6173
59.67,-3.7499,-39.6236,-160.3112,-3.6114
59.88,-3.7470,-39.4337,-160.1895,-3.6054
60.09,-3.7441,-39.2900,-160.0678,-3.6003
60.30,-3.7413,-39.1628,-159.9461,-3.5954
60.51,-3.7386,-39.0356,-159.8244,-3.5906
60.72,-3.7360,-38.9084,-159.7027,-3.5858
60.93,-3.7334,-38.7812,-159.5809,-3.5811
61.15,-3.7308,-38.6540,-159.4592,-3.5764
61.36,-3.7284,-38.5269,-159.3375,-3.5717
61.58,-3.7260,-38.3997,-159.2158,-3.5671
61.79,-3.7237,-38.2725,-159.0941,-3.5625
62.01,-3.7215,-38.1454,-158.9724,-3.5580
62.23,-3.7193,-38.0182,-158.8506,-3.5534
62.45,-3.7172,-37.8911,-158.7289,-3.5489
62.66,-3.7151,-37.7640,-158.6072,-3.5445
62.88,-3.7132,-37.6369,-158.4855,-3.5401
63.11,-3.7113,-37.5098,-158.3638,-3.5357
63.33,-3.7095,-37.3827,-158.2421,-3.5313
63.55,-3.7077,-37.2622,-158.1204,-3.5272
63.77,-3.7060,-37.1651,-157.9986,-3.5235
64.00,-3.7044,-37.0680,-157.8769,-3.5199
64.22,-3.7028,-36.9711,-157.7552,-3.5163
64.45,-3.7014,-36.8743,-157.6335,-3.5128
64.67,-3.7000,-36.7777,-157.5118,-3.5093
64.90,-3.6986,-36.6811,-157.3901,-3.5059
65.13,-3.6974,-36.5847,-157.2683,-3.5026
65.36,-3.6962,-36.4884,-157.1466,-3.4993
65.58,-3.6950,-36.3922,-157.0249,-3.4960
65.82,-3.6940,-36.2961,-156.9032,-3.4928
66.05,-3.6930,-36.2002,-156.7815,-3.4896
66.28,-3.6921,-36.1044,-156.6598,-3.4865
66.51,-3.6913,-36.0087,-156.5381,-3.4834
66.74,-3.6905,-35.9132,-156.4163,-3.4804
66.98,-3.6898,-35.8178,-156.2946,-3.4775
67.21,-3.6892,-35.7225,-156.1729,-3.4746
67.45,-3.6887,-35.6128,-156.0512,-3.4713
67.69,-3.6882,-35.4986,-155.9295,-3.4680
67.92,-3.6878,-35.3845,-155.8078,-3.4648
68.16,-3.6875,-35.2704,-155.6861,-3.4616
68.40,-3.6873,-35.1564,-155.5643,-3.4584
68.64,-3.6871,-35.0425,-155.4426,-3.4552
68.88,-3.6870,-34.9286,-155.3209,-3.4521
69.12,-3.6870,-34.8148,-155.1992,-3.4491
69.37,-3.6871,-34.7011,-155.0775,-3.4460
69.61,-3.6872,-34.5875,-154.9558,-3.4431
69.85,-3.6874,-34.4739,-154.8340,-3.4401
70.10,-3.6877,-34.3604,-154.7123,-3.4372
70.34,-3.6881,-34.2470,-154.5906,-3.4343
70.59,-3.6886,-34.1336,-154.4689,-3.4315
70.84,-3.6891,-34.0204,-154.3472,-3.4287
71.09,-3.6897,-33.9072,-154.2255,-3.4259
71.34,-3.6904,-33.7780,-154.1038,-3.4227
71.59,-3.6912,-33.6056,-153.9820,-3.4182
71.84,-3.6921,-33.4331,-153.8603,-3.4136
72.09,-3.6931,-33.2604,-153.7386,-3.4090
72.34,-3.6941,-33.0876,-153.6169,-3.4044
72.60,-3.6952,-32.9147,-153.4952,-3.3998
72.85,-3.6964,-32.7416,-153.3735,-3.3951
73.11,-3.6977,-32.5684,-153.2518,-3.3904
73.37,-3.6991,-32.3951,-153.1300,-3.3857
73.62,-3.7006,-32.2217,-153.0083,-3.3809
73.88,-3.7021,-32.0482,-152.8866,-3.3760
74.14,-3.7038,-31.8745,-152.7649,-3.3711
74.40,-3.7055,-31.7007,-152.6432,-3.3662
74.66,-3.7073,-31.5268,-152.5215,-3.3612
74.92,-3.7092,-31.3528,-152.3998,-3.3562
75.19,-3.7112,-31.1786,-152.2781,-3.3511
75.45,-3.7133,-31.0043,-152.1563,-3.3460
75.72,-3.7155,-30.8415,-152.0346,-3.3413
75.98,-3.7178,-30.6820,-151.9129,-3.3367
76.25,-3.7202,-30.5224,-151.7912,-3.3321
76.52,-3.7227,-30.3627,-151.6695,-3.3274
76.78,-3.7253,-30.2029,-151.5478,-3.3227
77.05,-3.7280,-30.0431,-151.4261,-3.3180
77.32,-3.7307,-29.8832,-151.3043,-3.3132
77.60,-3.7336,-29.7233,-151.1826,-3.3084
77.87,-3.7366,-29.5633,-151.0609,-3.3035
78.14,-3.7397,-29.4032,-150.9392,-3.2986
78.41,-3.7429,-29.2431,-150.8175,-3.2936
78.69,-3.7462,-29.0829,-150.6958,-3.2886
78.97,-3.7496,-28.9227,-150.5741,-3.2835
79.24,-3.7531,-28.7624,-150.4523,-3.2783
79.52,-3.7567,-28.6020,-150.3306,-3.2732
79.80,-3.7604,-28.4416,-150.2089,-3.2679
80.08,-3.7642,-28.2869,-150.0872,-3.2629
80.36,-3.7682,-28.1465,-149.9655,-3.2587
80.64,-3.7722,-28.0062,-149.8438,-3.2545
80.93,-3.7764,-27.8659,-149.7221,-3.2502
81.21,-3.7807,-27.7256,-149.6004,-3.2459
81.50,-3.7851,-27.5853,-149.4786,-3.2416
81.78,-3.7896,-27.4451,-149.3569,-3.2373
82.07,-3.7942,-27.3048,-149.2352,-3.2329
82.36,-3.7990,-27.1646,-149.1135,-3.2285
82.65,-3.8038,-27.0244,-148.9918,-3.2241
82.94,-3.8088,-26.8843,-148.8701,-3.2197
83.23,-3.8139,-26.7441,-148.7484,-3.2152
83.52,-3.8192,-26.6040,-148.6267,-3.2107
83.81,-3.8245,-26.4639,-148.5049,-3.2061
84.11,-3.8300,-26.3239,-148.3832,-3.2015
84.40,-3.8357,-26.1838,-148.2615,-3.1969
84.70,-3.8414,-26.0438,-148.1398,-3.1922
84.99,-3.8473,-25.9189,-148.0181,-3.1886
85.29,-3.8533,-25.7982,-147.8964,-3.1853
85.59,-3.8595,-25.6775,-147.7747,-3.1820
85.89,-3.8658,-25.5569,-147.6530,-3.1787
86.19,-3.8722,-25.4364,-147.5312,-3.1755
86.50,-3.8788,-25.3161,-147.4095,-3.1722
86.80,-3.8855,-25.1958,-147.2878,-3.1689
87.10,-3.8923,-25.0757,-147.1661,-3.1656
87.41,-3.8993,-24.9556,-147.0444,-3.1623
87.72,-3.9064,-24.8357,-146.9227,-3.1591
88.03,-3.9137,-24.7159,-146.8010,-3.1558
88.33,-3.9211,-24.5962,-146.6793,-3.1525
88.64,-3.9287,-24.4766,-146.5575,-3.1493
88.96,-3.9364,-24.3572,-146.4358,-3.1460
89.27,-3.9443,-24.2378,-146.3141,-3.1427
89.58,-3.9524,-24.1186,-146.1924,-3.1395
89.89,-3.9606,-23.9996,-146.0707,-3.1362
90.21,-3.9689,-23.8810,-145.9490,-3.1330
90.53,-3.9774,-23.7626,-145.8273,-3.1298
90.84,-3.9861,-23.6442,-145.7056,-3.1266
91.16,-3.9949,-23.5260,-145.5839,-3.1234
91.48,-4.0039,-23.4079,-145.4621,-3.1202
91.80,-4.0131,-23.2900,-145.3404,-3.1169
92.13,-4.0224,-23.1722,-145.2187,-3.1137
92.45,-4.0319,-23.0545,-145.0970,-3.1105
92.77,-4.0416,-22.9370,-144.9753,-3.1073
93.10,-4.0514,-22.8196,-144.8536,-3.1041
93.43,-4.0615,-22.7024,-144.7319,-3.1009
93.75,-4.0717,-22.5853,-144.6102,-3.0977
94.08,-4.0820,-22.4684,-144.4885,-3.0944
94.41,-4.0926,-22.3516,-144.3668,-3.0912
94.75,-4.1033,-22.2350,-144.2450,-3.0880
95.08,-4.1143,-22.1185,-144.1233,-3.0848
95.41,-4.1254,-22.0457,-144.0016,-3.0865
95.75,-4.1367,-21.9832,-143.8799,-3.0894
96.08,-4.1482,-21.9211,-143.7582,-3.0925
96.42,-4.1598,-21.8593,-143.6365,-3.0958
96.76,-4.1717,-21.7979,-143.5148,-3.0992
97.10,-4.1838,-21.7368,-143.3931,-3.1027
97.44,-4.1961,-21.6761,-143.2714,-3.1064
97.78,-4.2085,-21.6158,-143.1497,-3.1103
98.12,-4.2212,-21.5558,-143.0280,-3.1143
98.47,-4.2341,-21.4962,-142.9062,-3.1185
98.81,-4.2472,-21.4370,-142.7845,-3.1228
99.16,-4.2605,-21.3781,-142.6628,-3.1273
99.51,-4.2740,-21.3197,-142.5411,-3.1320
99.86,-4.2877,-21.2616,-142.4194,-3.1368
100.21,-4.3016,-21.2038,-142.2977,-3.1418
100.56,-4.3158,-21.1465,-142.1760,-3.1470
100.91,-4.3301,-21.0438,-142.0543,-3.1465
101.27,-4.3447,-20.8544,-141.9326,-3.1349
101.62,-4.3595,-20.6650,-121.8060,-3.1229
101.98,-4.3746,-20.4756,-121.6033,-3.1105
102.34,-4.3898,-20.2860,-121.4004,-3.0977
102.70,-4.4053,-20.0964,-121.1971,-3.0846
103.06,-4.4211,-19.9067,-120.9936,-3.0710
103.42,-4.4370,-19.7170,-120.7898,-3.0571
103.78,-4.4532,-19.5271,-120.5858,-3.0427
104.14,-4.4696,-19.3373,-120.3814,-3.0279
104.51,-4.4863,-19.1473,-120.1767,-3.0126
104.88,-4.5032,-18.9573,-119.9718,-2.9969
105.24,-4.5204,-18.7672,-119.7665,-2.9808
105.61,-4.5378,-18.5771,-119.5610,-2.9641
105.98,-4.5554,-18.3869,-119.3552,-2.9470
106.36,-4.5733,-18.1967,-119.1490,-2.9293
106.73,-4.5915,-18.0064,-118.9426,-2.9112
107.10,-4.6099,-17.8597,-118.7359,-2.9003
107.48,-4.6286,-17.7215,-118.5289,-2.8908
107.86,-4.6475,-17.5834,-118.3375,-2.8810
108.24,-4.6667,-17.4454,-118.1640,-2.8711
108.62,-4.6862,-17.3076,-117.9903,-2.8609
109.00,-4.7059,-17.1699,-117.8165,-2.8506
109.38,-4.7259,-17.0324,-117.6424,-2.8401
109.76,-4.7462,-16.8950,-117.4682,-2.8294
110.15,-4.7667,-16.7577,-117.2938,-2.8184
110.54,-4.7875,-16.6206,-117.1192,-2.8073
110.92,-4.8086,-16.4836,-116.9444,-2.7959
111.31,-4.8300,-16.3468,-116.7694,-2.7843
111.70,-4.8516,-16.2101,-116.5942,-2.7725
112.10,-4.8736,-16.0736,-116.4189,-2.7605
112.49,-4.8958,-15.9372,-116.2433,-2.7482
112.88,-4.9183,-15.8010,-116.0676,-2.7357
113.28,-4.9411,-15.6719,-115.8917,-2.7245
113.68,-4.9642,-15.5558,-115.7156,-2.7161
114.08,-4.9876,-15.4399,-115.5393,-2.7075
114.48,-5.0113,-15.3243,-115.3812,-2.6988
114.88,-5.0353,-15.2089,-115.2247,-2.6900
115.28,-5.0596,-15.0938,-115.0682,-2.6811
115.69,-5.0842,-14.9788,-114.9115,-2.6721
116.09,-5.1091,-14.8642,-114.7546,-2.6629
116.50,-5.1343,-14.7497,-114.5977,-2.6537
116.91,-5.1598,-14.6355,-114.4406,-2.6443
117.32,-5.1856,-14.5216,-114.2834,-2.6348
117.73,-5.2118,-14.4079,-114.1261,-2.6251
118.14,-5.2382,-14.2944,-113.9687,-2.6153
118.56,-5.2650,-14.1812,-113.8111,-2.6054
118.97,-5.2921,-14.0683,-113.6534,-2.5953
119.39,-5.3196,-13.9556,-113.4956,-2.5852
119.81,-5.3473,-13.8432,-113.3376,-2.5748
120.23,-5.3754,-13.7319,-113.1796,-2.5646
120.65,-5.4038,-13.6211,-113.0214,-2.5543
121.08,-5.4326,-13.5105,-112.8640,-2.5439
121.50,-5.4616,-13.4002,-112.7082,-2.5333
121.93,-5.4911,-13.2902,-112.5523,-2.5226
122.36,-5.5208,-13.1805,-112.3962,-2.5117
122.78,-5.5509,-13.0710,-112.2401,-2.5007
123.22,-5.5813,-12.9618,-112.0838,-2.4895
123.65,-5.6121,-12.8529,-111.9274,-2.4782
124.08,-5.6432,-12.7442,-111.7709,-2.4668
124.52,-5.6747,-12.6358,-111.6143,-2.4552
124.95,-5.7065,-12.5278,-111.4576,-2.4434
125.39,-5.7387,-12.4200,-111.3007,-2.4315
125.83,-5.7712,-12.3124,-111.1437,-2.4194
126.27,-5.8041,-12.2052,-110.9866,-2.4072
126.72,-5.8373,-12.0983,-110.8293,-2.3948
127.16,-5.8709,-11.9943,-110.6719,-2.3832
127.61,-5.9048,-11.8949,-110.5144,-2.3728
128.06,-5.9392,-11.7958,-110.3568,-2.3623
128.51,-5.9738,-11.6971,-110.1961,-2.3517
128.96,-6.0089,-11.5986,-110.0344,-2.3410
129.41,-6.0443,-11.5005,-109.8725,-2.3302
129.86,-6.0800,-11.4027,-109.7105,-2.3193
130.32,-6.1162,-11.3052,-109.5484,-2.3082
130.78,-6.1527,-11.2081,-109.3861,-2.2970
131.24,-6.1896,-11.1113,-109.2236,-2.2858
131.70,-6.2269,-11.0148,-109.0611,-2.2744
132.16,-6.2645,-10.9186,-108.8983,-2.2629
132.62,-6.3025,-10.8228,-108.7355,-2.2512
133.09,-6.3409,-10.7273,-108.5725,-2.2395
133.55,-6.3797,-10.6322,-108.4093,-2.2276
134.02,-6.4188,-10.5374,-108.2460,-2.2156
134.49,-6.4583,-10.4429,-108.0826,-2.2035
134.97,-6.4983,-10.3600,-107.9190,-2.1956
135.44,-6.5386,-10.2788,-107.7552,-2.1882
135.91,-6.5793,-10.1979,-107.5882,-2.1808
136.39,-6.6203,-10.1174,-107.4084,-2.1734
136.87,-6.6618,-10.0373,-107.2283,-2.1660
137.35,-6.7037,-9.9576,-107.0481,-2.1585
137.83,-6.7459,-9.8783,-106.8676,-2.1510
138.32,-6.7885,-9.7994,-106.6870,-2.1435
138.80,-6.8316,-9.7209,-106.5061,-2.1360
139.29,-6.8750,-9.6427,-106.3250,-2.1284
139.78,-6.9188,-9.5650,-106.1437,-2.1209
140.27,-6.9630,-9.4876,-105.9622,-2.1133
140.76,-7.0076,-9.4106,-105.7805,-2.1057
141.25,-7.0527,-9.3341,-105.5986,-2.0980
141.75,-7.0981,-9.2579,-105.4165,-2.0904
142.25,-7.1439,-9.1821,-105.2342,-2.0827
142.75,-7.1901,-9.1068,-105.0516,-2.0750
143.25,-7.2367,-9.0318,-104.8689,-2.0673
143.75,-7.2837,-8.9572,-104.6859,-2.0596
144.26,-7.3311,-8.8831,-104.5012,-2.0518
144.76,-7.3789,-8.8093,-104.3153,-2.0440
145.27,-7.4271,-8.7359,-104.1293,-2.0362
145.78,-7.4757,-8.6630,-103.9430,-2.0284
146.29,-7.5248,-8.5904,-103.7565,-2.0206
146.80,-7.5742,-8.5182,-103.5697,-2.0127
147.32,-7.6240,-8.4465,-103.3827,-2.0048
147.84,-7.6742,-8.3751,-103.1955,-1.9969
148.36,-7.7249,-8.3042,-103.0081,-1.9890
148.88,-7.7759,-8.2336,-102.8204,-1.9811
149.40,-7.8274,-8.1635,-102.6325,-1.9731
149.92,-7.8792,-8.0938,-102.4444,-1.9651
150.45,-7.9315,-8.0244,-102.2560,-1.9571
150.98,-7.9841,-7.9555,-102.0675,-1.9491
151.51,-8.0372,-7.8924,-101.8786,-1.9438
152.04,-8.0907,-7.8302,-101.6896,-1.9388
152.57,-8.1445,-7.7685,-101.4995,-1.9338
153.11,-8.1988,-7.7071,-101.2974,-1.9288
153.64,-8.2535,-7.6462,-101.0950,-1.9239
154.18,-8.3086,-7.5857,-100.8923,-1.9189
154.73,-8.3641,-7.5256,-100.6894,-1.9141
155.27,-8.4200,-7.4660,-100.4862,-1.9092
155.81,-8.4763,-7.4068,-100.2826,-1.9044
156.36,-8.5331,-7.3480,-100.0788,-1.8996
156.91,-8.5902,-7.2896,-99.8747,-1.8949
157.46,-8.6477,-7.2317,-99.6703,-1.8902
158.01,-8.7056,-7.1742,-99.4657,-1.8855
158.57,-8.7639,-7.1171,-99.2607,-1.8808
159.12,-8.8227,-7.0604,-99.0554,-1.8762
159.68,-8.8818,-7.0042,-98.8499,-1.8716
160.24,-8.9413,-6.9482,-98.6441,-1.8670
160.80,-9.0013,-6.8924,-98.4379,-1.8623
161.37,-9.0616,-6.8371,-98.2315,-1.8576
161.93,-9.1223,-6.7822,-98.0239,-1.8530
162.50,-9.1835,-6.7277,-97.8152,-1.8484
163.07,-9.2450,-6.6736,-97.6062,-1.8438
163.65,-9.3069,-6.6200,-97.3968,-1.8392
164.22,-9.3692,-6.5668,-97.1872,-1.8347
164.80,-9.4319,-6.5139,-96.9772,-1.8302
165.37,-9.4950,-6.4615,-96.7670,-1.8258
165.95,-9.5585,-6.4095,-96.5564,-1.8213
166.54,-9.6224,-6.3580,-96.3455,-1.8170
167.12,-9.6867,-6.3068,-96.1343,-1.8126
167.71,-9.7514,-6.2560,-95.9228,-1.8083
168.30,-9.8165,-6.2057,-95.7110,-1.8040
168.89,-9.8819,-6.1558,-95.4988,-1.7998
169.48,-9.9477,-6.1062,-95.2864,-1.7955
170.07,-10.0140,-6.0512,-95.0736,-1.7877
170.67,-10.0806,-5.9962,-94.8605,-1.7797
171.27,-10.1476,-5.9416,-94.6471,-1.7716
171.87,-10.2149,-5.8873,-94.4490,-1.7636
172.47,-10.2827,-5.8335,-94.2519,-1.7555
173.08,-10.3508,-5.7800,-94.0546,-1.7474
173.69,-10.4193,-5.7270,-93.8570,-1.7392
174.30,-10.4882,-5.6742,-93.6592,-1.7311
174.91,-10.5574,-5.6219,-93.4611,-1.7229
175.52,-10.6271,-5.5699,-93.2627,-1.7147
176.14,-10.6971,-5.5184,-93.0641,-1.7065
176.76,-10.7675,-5.4671,-92.8652,-1.6983
177.38,-10.8382,-5.4163,-92.6660,-1.6900
178.00,-10.9093,-5.3658,-92.4666,-1.6818
178.62,-10.9808,-5.3157,-92.2669,-1.6735
179.25,-11.0526,-5.2660,-92.0669,-1.6652
179.88,-11.1248,-5.2111,-91.8666,-1.6533
180.51,-11.1974,-5.1503,-91.6661,-1.6370
181.15,-11.2703,-5.0898,-91.4653,-1.6206
181.78,-11.3436,-5.0295,-91.2757,-1.6041
182.42,-11.4172,-4.9696,-91.1076,-1.5875
183.06,-11.4912,-4.9101,-90.9394,-1.5708
183.70,-11.5655,-4.8508,-90.7710,-1.5539
184.35,-11.6402,-4.7918,-90.6024,-1.5370
184.99,-11.7153,-4.7332,-90.4337,-1.5199
185.64,-11.7907,-4.6748,-90.2648,-1.5026
186.29,-11.8664,-4.6168,-90.0957,-1.4853
186.95,-11.9425,-4.5590,-89.9265,-1.4678
187.60,-12.0189,-4.5016,-89.7571,-1.4502
188.26,-12.0956,-4.4444,-89.5876,-1.4325
188.92,-12.1727,-4.3876,-89.4179,-1.4147
189.59,-12.2502,-4.3310,-89.2480,-1.3968
190.25,-12.3279,-4.2747,-89.0779,-1.3787
190.92,-12.4060,-4.2309,-88.9077,-1.3692
191.59,-12.4845,-4.1878,-88.7373,-1.3600
192.26,-12.5632,-4.1449,-88.5668,-1.3508
192.94,-12.6423,-4.1025,-88.3895,-1.3416
193.61,-12.7217,-4.0603,-88.2102,-1.3323
194.29,-12.8014,-4.0184,-88.0307,-1.3231
194.97,-12.8815,-3.9769,-87.8510,-1.3138
195.66,-12.9618,-3.9357,-87.6711,-1.3045
196.35,-13.0425,-3.8948,-87.4910,-1.2953
197.03,-13.1235,-3.8543,-87.3107,-1.2860
197.73,-13.2048,-3.8140,-87.1302,-1.2766
198.42,-13.2864,-3.7741,-86.9494,-1.2673
199.12,-13.3683,-3.7344,-86.7685,-1.2580
199.81,-13.4506,-3.6951,-86.5874,-1.2486
200.52,-13.5331,-3.6561,-86.4060,-1.2393
201.22,-13.6159,-3.6174,-86.2245,-1.2299
201.93,-13.6991,-3.5874,-86.0427,-1.2269
202.63,-13.7825,-3.5670,-85.8608,-1.2311
203.35,-13.8662,-3.5470,-85.6786,-1.2355
204.06,-13.9503,-3.5273,-85.4932,-1.2399
204.78,-14.0346,-3.5080,-85.2964,-1.2445
205.49,-14.1192,-3.4891,-85.0993,-1.2492
206.22,-14.2041,-3.4705,-84.9020,-1.2540
206.94,-14.2892,-3.4522,-84.7044,-1.2589
207.67,-14.3747,-3.4343,-84.5065,-1.2639
208.39,-14.4604,-3.4168,-84.3083,-1.2691
209.13,-14.5464,-3.3996,-84.1099,-1.2744
209.86,-14.6327,-3.3827,-83.9112,-1.2798
210.60,-14.7193,-3.3662,-83.7123,-1.2853
211.33,-14.8061,-3.3500,-83.5130,-1.2909
212.08,-14.8933,-3.3342,-83.3136,-1.2967
212.82,-14.9806,-3.3187,-83.1138,-1.3026
213.57,-15.0683,-3.3035,-82.9138,-1.3086
214.32,-15.1562,-3.2817,-82.7134,-1.3092
215.07,-15.2444,-3.2602,-82.5129,-1.3098
215.82,-15.3328,-3.2390,-82.3120,-1.3105
216.58,-15.4215,-3.2181,-82.1085,-1.3113
217.34,-15.5104,-3.1975,-81.9034,-1.3122
218.10,-15.5996,-3.1772,-81.6981,-1.3131
218.87,-15.6891,-3.1572,-81.4924,-1.3141
219.64,-15.7788,-3.1375,-81.2865,-1.3152
220.41,-15.8687,-3.1181,-81.0802,-1.3163
221.18,-15.9589,-3.0990,-80.8737,-1.3175
221.96,-16.0494,-3.0801,-80.6669,-1.3188
222.74,-16.1400,-3.0616,-80.4598,-1.3202
223.52,-16.2310,-3.0433,-80.2523,-1.3216
224.30,-16.3221,-3.0253,-80.0446,-1.3231
225.09,-16.4135,-3.0076,-79.8366,-1.3247
225.88,-16.5051,-2.9902,-79.6283,-1.3264
226.67,-16.5970,-2.9637,-79.4196,-1.3204
227.47,-16.6891,-2.9284,-79.2107,-1.3069
228.27,-16.7814,-2.8933,-79.0015,-1.2933
229.07,-16.8739,-2.8585,-78.7936,-1.2797
229.87,-16.9667,-2.8238,-78.6063,-1.2660
230.68,-17.0597,-2.7893,-78.4188,-1.2523
231.49,-17.1529,-2.7550,-78.2311,-1.2385
232.30,-17.2463,-2.7210,-78.0432,-1.2247
233.12,-17.3400,-2.6871,-77.8550,-1.2109
233.93,-17.4338,-2.6534,-77.6666,-1.1970
234.75,-17.5279,-2.6199,-77.4780,-1.1830
235.58,-17.6222,-2.5866,-77.2891,-1.1690
236.41,-17.7166,-2.5535,-77.1000,-1.1549
237.23,-17.8113,-2.5206,-76.9107,-1.1408
238.07,-17.9062,-2.4879,-76.7211,-1.1267
238.90,-18.0013,-2.4554,-76.5313,-1.1125
239.74,-18.0966,-2.4232,-76.3413,-1.0985
240.58,-18.1921,-2.4091,-76.1510,-1.0997
241.43,-18.2878,-2.3952,-75.9605,-1.1011
242.27,-18.3837,-2.3816,-75.7698,-1.1025
243.12,-18.4798,-2.3682,-75.5957,-1.1039
243.98,-18.5761,-2.3551,-75.4383,-1.1055
244.83,-18.6726,-2.3421,-75.2809,-1.1071
245.69,-18.7692,-2.3295,-75.1233,-1.1088
246.56,-18.8661,-2.3170,-74.9656,-1.1105
247.42,-18.9631,-2.3048,-74.8078,-1.1123
248.29,-19.0603,-2.2928,-74.6499,-1.1142
249.16,-19.1577,-2.2810,-74.4918,-1.1162
250.03,-19.2553,-2.2695,-74.3337,-1.1182
250.91,-19.3531,-2.2582,-74.1754,-1.1203
251.79,-19.4510,-2.2471,-74.0169,-1.1225
252.68,-19.5491,-2.2363,-73.8584,-1.1247
253.56,-19.6474,-2.2256,-73.6997,-1.1270
254.45,-19.7459,-2.2086,-73.5409,-1.1236
255.35,-19.8445,-2.1858,-73.3820,-1.1149
256.24,-19.9433,-2.1633,-73.2229,-1.1063
257.14,-20.0422,-2.1409,-73.0637,-1.0977
258.04,-20.1414,-2.1187,-72.8806,-1.0890
258.95,-20.2407,-2.0966,-72.6956,-1.0804
259.86,-20.3401,-2.0748,-72.5104,-1.0718
260.77,-20.4397,-2.0531,-72.3250,-1.0631
261.69,-20.5395,-2.0315,-72.1394,-1.0545
262.60,-20.6394,-2.0101,-71.9535,-1.0459
263.53,-20.7395,-1.9889,-71.7674,-1.0372
264.45,-20.8398,-1.9679,-71.5811,-1.0286
265.38,-20.9402,-1.9470,-71.3946,-1.0200
266.31,-21.0407,-1.9262,-71.2079,-1.0113
267.24,-21.1414,-1.9056,-71.0209,-1.0027
268.18,-21.2423,-1.8852,-70.8337,-0.9941
269.12,-21.3433,-1.8645,-70.6463,-0.9851
270.07,-21.4444,-1.8326,-70.4586,-0.9658
271.02,-21.5457,-1.8008,-70.2708,-0.9464
271.97,-21.6472,-1.7691,-70.0827,-0.9270
272.92,-21.7487,-1.7374,-69.8977,-0.9075
273.88,-21.8505,-1.7060,-69.7182,-0.8880
274.84,-21.9523,-1.6746,-69.5386,-0.8684
275.80,-22.0543,-1.6433,-69.3587,-0.8487
276.77,-22.1565,-1.6121,-69.1786,-0.8290
277.74,-22.2587,-1.5810,-68.9984,-0.8092
278.72,-22.3611,-1.5500,-68.8179,-0.7894
279.70,-22.4637,-1.5191,-68.6373,-0.7695
280.68,-22.5664,-1.4883,-68.4564,-0.7495
281.66,-22.6692,-1.4576,-68.2754,-0.7295
282.65,-22.7721,-1.4270,-68.0941,-0.7095
283.64,-22.8752,-1.3965,-67.9126,-0.6894
284.64,-22.9784,-1.3661,-67.7309,-0.6692
285.64,-23.0817,-1.3361,-67.5491,-0.6493
286.64,-23.1851,-1.3066,-67.3670,-0.6297
287.65,-23.2887,-1.2771,-67.1847,-0.6100
288.66,-23.3924,-1.2478,-67.0022,-0.5903
289.67,-23.4962,-1.2185,-66.7947,-0.5705
290.69,-23.6001,-1.1893,-66.5805,-0.5506
291.71,-23.7042,-1.1602,-66.3661,-0.5308
292.73,-23.8083,-1.1312,-66.1513,-0.5108
293.76,-23.9126,-1.1023,-65.9362,-0.4908
294.79,-24.0170,-1.0734,-65.7208,-0.4708
295.82,-24.1215,-1.0446,-65.5051,-0.4507
296.86,-24.2262,-1.0160,-65.2890,-0.4306
297.90,-24.3309,-0.9873,-65.0726,-0.4104
298.95,-24.4358,-0.9588,-64.8559,-0.3902
300.00,-24.5408,-0.9304,-64.6389,-0.3700
301.05,-24.6458,-0.9020,-64.4215,-0.3497
302.11,-24.7510,-0.8741,-64.2038,-0.3297
303.17,-24.8563,-0.8525,-63.9858,-0.3155
304.23,-24.9617,-0.8309,-63.7674,-0.3014
305.30,-25.0672,-0.8095,-63.5488,-0.2872
306.37,-25.1728,-0.7882,-63.3412,-0.2730
307.44,-25.2786,-0.7669,-63.1732,-0.2588
308.52,-25.3844,-0.7458,-63.0050,-0.2446
309.61,-25.4903,-0.7247,-62.8367,-0.2304
310.69,-25.5963,-0.7037,-62.6682,-0.2162
311.78,-25.7025,-0.6829,-62.4996,-0.2020
312.88,-25.8087,-0.6621,-62.3308,-0.1878
313.98,-25.9150,-0.6414,-62.1618,-0.1736
315.08,-26.0214,-0.6207,-61.9927,-0.1594
316.18,-26.1280,-0.6002,-61.8235,-0.1452
317.29,-26.2346,-0.5798,-61.6540,-0.1309
318.41,-26.3413,-0.5594,-61.4845,-0.1167
319.52,-26.4481,-0.5391,-61.3147,-0.1025
320.64,-26.5550,-0.5158,-61.1448,-0.0852
321.77,-26.6620,-0.4901,-60.9748,-0.0656
322.90,-26.7691,-0.4645,-60.8045,-0.0461
324.03,-26.8763,-0.4390,-60.6342,-0.0265
325.17,-26.9835,-0.4135,-60.4438,-0.0068
326.31,-27.0909,-0.3881,-60.2430,0.0128
327.46,-27.1983,-0.3627,-60.0419,0.0326
328.61,-27.3059,-0.3374,-59.8406,0.0523
329.76,-27.4135,-0.3122,-59.6389,0.0721
330.92,-27.5212,-0.2870,-59.4370,0.0919
332.08,-27.6290,-0.2619,-59.2348,0.1117
333.24,-27.7369,-0.2368,-59.0324,0.1315
334.41,-27.8449,-0.2118,-58.8297,0.1514
335.59,-27.9529,-0.1868,-58.6267,0.1713
336.76,-28.0611,-0.1619,-58.4234,0.1912
337.94,-28.1693,-0.1371,-58.2199,0.2112
339.13,-28.2776,-0.1139,-58.0160,0.2297
340.32,-28.3860,-0.1075,-57.8120,0.2319
341.52,-28.4944,-0.1013,-57.6076,0.2342
342.71,-28.6030,-0.0952,-57.4029,0.2364
343.92,-28.7116,-0.0892,-57.1982,0.2385
345.12,-28.8203,-0.0834,-56.9948,0.2406
346.33,-28.9291,-0.0776,-56.7911,0.2426
347.55,-29.0379,-0.0720,-56.5872,0.2445
348.77,-29.1469,-0.0665,-56.3830,0.2464
349.99,-29.2559,-0.0611,-56.1786,0.2483
351.22,-29.3650,-0.0558,-55.9738,0.2501
352.45,-29.4741,-0.0506,-55.7688,0.2518
353.69,-29.5834,-0.0455,-55.5635,0.2535
354.93,-29.6927,-0.0406,-55.3579,0.2551
356.18,-29.8021,-0.0357,-55.1520,0.2567
357.43,-29.9115,-0.0310,-54.9459,0.2582
358.68,-30.0210,-0.0264,-54.7394,0.2596
359.94,-30.1306,-0.0217,-54.5327,0.2612
361.20,-30.2403,-0.0170,-54.3257,0.2629
362.47,-30.3501,-0.0123,-54.1184,0.2645
363.74,-30.4599,-0.0078,-53.9109,0.2661
365.02,-30.5698,-0.0034,-53.7283,0.2675
366.30,-30.6797,0.0009,-53.5693,0.2689
367.59,-30.7897,0.0051,-53.4101,0.2702
368.88,-30.8998,0.0091,-53.2508,0.2714
370.17,-31.0100,0.0131,-53.0914,0.2726
371.47,-31.1202,0.0170,-52.9319,0.2737
372.77,-31.2305,0.0207,-52.7722,0.2747
374.08,-31.3409,0.0243,-52.6124,0.2757
375.40,-31.4513,0.0279,-52.4526,0.2766
376.71,-31.5618,0.0313,-52.2926,0.2774
378.04,-31.6723,0.0346,-52.1324,0.2782
379.36,-31.7829,0.0378,-51.9722,0.2789
380.69,-31.8936,0.0403,-51.8119,0.2790
382.03,-32.0044,0.0377,-51.6514,0.2742
383.37,-32.1152,0.0350,-51.4908,0.2693
384.72,-32.2260,0.0322,-51.3301,0.2643
386.07,-32.3370,0.0292,-51.1693,0.2592
387.42,-32.4480,0.0261,-50.9872,0.2541
388.78,-32.5590,0.0229,-50.8037,0.2490
390.14,-32.6701,0.0196,-50.6201,0.2437
391.51,-32.7813,0.0161,-50.4362,0.2383
392.89,-32.8925,0.0125,-50.2521,0.2329
394.27,-33.0038,0.0087,-50.0678,0.2274
395.65,-33.1152,0.0049,-49.8834,0.2218
397.04,-33.2266,0.0009,-49.6987,0.2161
398.43,-33.3381,-0.0032,-49.5138,0.2103
399.83,-33.4496,-0.0075,-49.3287,0.2044
401.23,-33.5612,-0.0119,-49.1435,0.1985
402.64,-33.6728,-0.0164,-48.9580,0.1924
404.05,-33.7845,-0.0206,-48.7723,0.1867
405.47,-33.8963,-0.0246,-48.5864,0.1812
406.90,-34.0081,-0.0288,-48.4004,0.1756
408.32,-34.1200,-0.0332,-48.2141,0.1699
409.76,-34.2319,-0.0376,-48.0450,0.1641
411.19,-34.3439,-0.0422,-47.9050,0.1580
412.64,-34.4559,-0.0469,-47.7650,0.1519
414.09,-34.5680,-0.0517,-47.6250,0.1457
415.54,-34.6802,-0.0567,-47.4849,0.1393
417.00,-34.7924,-0.0618,-47.3447,0.1329
418.46,-34.9046,-0.0670,-47.2045,0.1264
419.93,-35.0169,-0.0723,-47.0643,0.1198
421.40,-35.1293,-0.0778,-46.9241,0.1131
422.88,-35.2417,-0.0834,-46.7838,0.1063
424.37,-35.3542,-0.0892,-46.6435,0.0994
425.86,-35.4667,-0.0951,-46.5031,0.0924
427.35,-35.5792,-0.1018,-46.3627,0.0847
428.85,-35.6918,-0.1131,-46.2222,0.0724
430.35,-35.8045,-0.1246,-46.0817,0.0600
431.86,-35.9172,-0.1362,-45.9412,0.0475
433.38,-36.0300,-0.1480,-45.8007,0.0349
434.90,-36.1428,-0.1600,-45.6389,0.0223
436.43,-36.2557,-0.1721,-45.4718,0.0095
437.96,-36.3686,-0.1843,-45.3046,-0.0033
439.50,-36.4816,-0.1967,-45.1372,-0.0162
441.04,-36.5946,-0.2093,-44.9697,-0.0293
442.59,-36.7076,-0.2220,-44.8021,-0.0425
444.14,-36.8208,-0.2349,-44.6344,-0.0557
445.70,-36.9339,-0.2479,-44.4665,-0.0691
447.26,-37.0471,-0.2611,-44.2985,-0.0826
448.83,-37.1604,-0.2744,-44.1304,-0.0962
450.41,-37.2737,-0.2879,-43.9621,-0.1100
451.99,-37.3870,-0.3016,-43.7937,-0.1238
453.57,-37.5004,-0.3109,-43.6252,-0.1334
455.17,-37.6138,-0.3179,-43.4565,-0.1406
456.76,-37.7273,-0.3250,-43.2878,-0.1480
458.37,-37.8409,-0.3323,-43.1188,-0.1554
459.97,-37.9544,-0.3397,-42.9481,-0.1629
461.59,-38.0681,-0.3472,-42.7719,-0.1704
463.21,-38.1817,-0.3549,-42.5954,-0.1781
464.83,-38.2954,-0.3627,-42.4189,-0.1858
466.47,-38.4092,-0.3707,-42.2422,-0.1936
468.10,-38.5230,-0.3788,-42.0653,-0.2015
469.75,-38.6368,-0.3870,-41.8883,-0.2095
471.39,-38.7507,-0.3954,-41.7111,-0.2176
473.05,-38.8647,-0.4039,-41.5337,-0.2258
474.71,-38.9786,-0.4125,-41.3562,-0.2340
476.37,-39.0927,-0.4213,-41.1786,-0.2424
478.05,-39.2067,-0.4303,-41.0008,-0.2508
479.72,-39.3208,-0.4346,-40.8228,-0.2547
481.41,-39.4350,-0.4136,-40.6447,-0.2337
483.10,-39.5492,-0.3926,-40.4664,-0.2127
484.79,-39.6634,-0.3717,-40.2880,-0.1916
486.49,-39.7777,-0.3508,-40.1094,-0.1706
488.20,-39.8920,-0.3299,-39.9177,-0.1494
489.91,-40.0063,-0.3091,-39.7194,-0.1281
491.63,-40.1207,-0.2884,-39.5208,-0.1068
493.36,-40.2351,-0.2676,-39.3220,-0.0855
495.09,-40.3496,-0.2469,-39.1230,-0.0642
496.83,-40.4641,-0.2263,-38.9237,-0.0428
498.57,-40.5787,-0.2057,-38.7242,-0.0214
500.32,-40.6933,-0.1851,-38.5245,0.0000
502.08,-40.8079,-0.1646,-38.3246,0.0214
503.84,-40.9226,-0.1441,-38.1244,0.0429
505.61,-41.0373,-0.1236,-37.9241,0.0644
507.38,-41.1521,-0.1032,-37.7235,0.0859
509.16,-41.2669,-0.0875,-37.5226,0.1029
510.95,-41.3817,-0.0742,-37.3216,0.1176
512.74,-41.4966,-0.0609,-37.1203,0.1324
514.54,-41.6115,-0.0477,-36.9188,0.1471
516.35,-41.7264,-0.0346,-36.7216,0.1618
518.16,-41.8414,-0.0215,-36.5656,0.1759
519.98,-41.9564,-0.0085,-36.4096,0.1900
521.80,-42.0715,0.0044,-36.2535,0.2041
523.63,-42.1866,0.0172,-36.0973,0.2181
525.47,-42.3017,0.0300,-35.9410,0.2321
527.32,-42.4169,0.0427,-35.7847,0.2461
529.17,-42.5321,0.0553,-35.6284,0.2601
531.02,-42.6473,0.0678,-35.4720,0.2741
532.89,-42.7626,0.0803,-35.3155,0.2880
534.76,-42.8779,0.0927,-35.1589,0.3019
536.63,-42.9933,0.1050,-35.0023,0.3158
538.52,-43.1087,0.1160,-34.8457,0.3285
540.41,-43.2241,0.1216,-34.6889,0.3359
542.30,-43.3395,0.1270,-34.5322,0.3432
544.21,-43.4550,0.1323,-34.3753,0.3505
546.12,-43.5706,0.1376,-34.2184,0.3578
548.03,-43.6861,0.1427,-34.0594,0.3650
549.96,-43.8017,0.1477,-33.8983,0.3723
551.89,-43.9173,0.1526,-33.7371,0.3795
553.82,-44.0330,0.1574,-33.5759,0.3867
555.77,-44.1487,0.1621,-33.4147,0.3938
557.72,-44.2644,0.1667,-33.2533,0.4009
559.67,-44.3802,0.1712,-33.0919,0.4080
561.64,-44.4960,0.1755,-32.9304,0.4150
563.61,-44.6118,0.1797,-32.7689,0.4220
565.59,-44.7277,0.1839,-32.6073,0.4289
567.57,-44.8436,0.1879,-32.4456,0.4358
569.56,-44.9596,0.1918,-32.2839,0.4427
571.56,-45.0755,0.1912,-32.1221,0.4453
573.57,-45.1915,0.1886,-31.9602,0.4460
575.58,-45.3076,0.1859,-31.7983,0.4467
577.60,-45.4236,0.1830,-31.6363,0.4472
579.63,-45.5397,0.1800,-31.4743,0.4478
581.66,-45.6558,0.1768,-31.3098,0.4483
583.70,-45.7720,0.1734,-31.1451,0.4488
585.75,-45.8882,0.1700,-30.9803,0.4493
587.81,-46.0044,0.1663,-30.8155,0.4497
589.87,-46.1207,0.1626,-30.6506,0.4500
591.94,-46.2370,0.1586,-30.4857,0.4503
594.02,-46.3533,0.1546,-30.3207,0.4506
596.10,-46.4696,0.1503,-30.1556,0.4508
598.20,-46.5860,0.1459,-29.9904,0.4509
600.30,-46.7024,0.1414,-29.8252,0.4510
602.40,-46.8189,0.1367,-29.6600,0.4511
604.52,-46.9353,0.1294,-29.4947,0.4488
606.64,-47.0518,0.1126,-29.3293,0.4374
608.77,-47.1684,0.0955,-29.1639,0.4259
610.90,-47.2849,0.0783,-28.9984,0.4144
613.05,-47.4015,0.0608,-28.8328,0.4028
615.20,-47.5181,0.0432,-28.6769,0.3908
617.36,-47.6348,0.0253,-28.5361,0.3781
619.52,-47.7515,0.0072,-28.3953,0.3654
621.70,-47.8682,-0.0111,-28.2546,0.3526
623.88,-47.9849,-0.0296,-28.1139,0.3397
626.07,-48.1017,-0.0483,-27.9733,0.3266
628.27,-48.2185,-0.0673,-27.8327,0.3135
630.47,-48.3353,-0.0864,-27.6921,0.3003
632.68,-48.4521,-0.1058,-27.5516,0.2870
634.90,-48.5690,-0.1254,-27.4111,0.2736
637.13,-48.6859,-0.1452,-27.2707,0.2601
639.37,-48.8028,-0.1653,-27.1303,0.2465
641.61,-48.9198,-0.1766,-26.9899,0.2413
643.86,-49.0368,-0.1846,-26.8496,0.2395
646.12,-49.1538,-0.1928,-26.7094,0.2375
648.39,-49.2709,-0.2011,-26.5692,0.2356
650.67,-49.3879,-0.2097,-26.4291,0.2335
652.95,-49.5050,-0.2184,-26.2866,0.2315
655.24,-49.6222,-0.2273,-26.1437,0.2294
657.54,-49.7393,-0.2365,-26.0008,0.2273
659.85,-49.8565,-0.2458,-25.8579,0.2251
662.16,-49.9737,-0.2553,-25.7151,0.2229
664.49,-50.0909,-0.2651,-25.5724,0.2206
666.82,-50.2082,-0.2750,-25.4297,0.2182
669.16,-50.3255,-0.2851,-25.2870,0.2158
671.51,-50.4428,-0.2955,-25.1444,0.2133
673.86,-50.5601,-0.3060,-25.0019,0.2108
676.23,-50.6775,-0.3168,-24.8594,0.2082
678.60,-50.7949,-0.3264,-24.7170,0.2068
680.98,-50.9123,-0.3317,-24.5747,0.2097
683.37,-51.0297,-0.3372,-24.4324,0.2125
685.77,-51.1472,-0.3429,-24.2902,0.2152
688.18,-51.2647,-0.3488,-24.1480,0.2179
690.59,-51.3822,-0.3548,-23.9953,0.2212
693.02,-51.4997,-0.3611,-23.8107,0.2265
695.45,-51.6173,-0.3676,-23.6260,0.2319
697.89,-51.7349,-0.3743,-23.4412,0.2374
700.34,-51.8525,-0.3812,-23.2564,0.2429
702.80,-51.9701,-0.3883,-23.0715,0.2485
705.26,-52.0878,-0.3956,-22.8865,0.2541
707.74,-52.2055,-0.4031,-22.7014,0.2599
710.22,-52.3232,-0.4109,-22.5163,0.2657
712.72,-52.4409,-0.4188,-22.3311,0.2717
715.22,-52.5587,-0.4270,-22.1458,0.2777
717.73,-52.6764,-0.4354,-21.9605,0.2839
720.25,-52.7942,-0.4487,-21.7750,0.2859
722.77,-52.9121,-0.4638,-21.5896,0.2866
725.31,-53.0299,-0.4792,-21.4040,0.2873
727.86,-53.1478,-0.4948,-21.2184,0.2882
730.41,-53.2657,-0.5107,-21.0327,0.2893
732.97,-53.3836,-0.5268,-20.8686,0.2886
735.55,-53.5016,-0.5432,-20.7146,0.2870
738.13,-53.6195,-0.5598,-20.5607,0.2855
740.72,-53.7375,-0.5767,-20.4068,0.2840
743.32,-53.8555,-0.5939,-20.2530,0.2826
745.92,-53.9735,-0.6113,-20.0992,0.2812
748.54,-54.0916,-0.6290,-19.9455,0.2798
751.17,-54.2097,-0.6470,-19.7919,0.2785
753.81,-54.3278,-0.6653,-19.6383,0.2773
756.45,-54.4459,-0.6838,-19.4848,0.2761
759.11,-54.5640,-0.7026,-19.3314,0.2750
761.77,-54.6822,-0.7247,-19.1780,0.2713
764.44,-54.8004,-0.7558,-19.0247,0.2598
767.13,-54.9186,-0.7873,-18.8714,0.2484
769.82,-55.0368,-0.8192,-18.7182,0.2371
772.52,-55.1551,-0.8513,-18.5651,0.2259
775.23,-55.2733,-0.8838,-18.4144,0.2145
777.95,-55.3916,-0.9166,-18.2827,0.2010
780.68,-55.5099,-0.9498,-18.1512,0.1875
783.42,-55.6283,-0.9832,-18.0199,0.1740
786.17,-55.7466,-1.0171,-17.8887,0.1605
788.93,-55.8650,-1.0513,-17.7577,0.1470
791.70,-55.9834,-1.0858,-17.6268,0.1336
794.48,-56.1018,-1.1206,-17.4961,0.1202
797.27,-56.2202,-1.1559,-17.3655,0.1069
800.06,-56.3387,-1.1914,-17.2352,0.0936
802.87,-56.4571,-1.2273,-17.1049,0.0803
805.69,-56.5756,-1.2636,-16.9749,0.0671
808.52,-56.6941,-1.2817,-16.8450,0.0698
811.35,-56.8127,-1.2943,-16.7153,0.0775
814.20,-56.9312,-1.3072,-16.5857,0.0852
817.06,-57.0498,-1.3204,-16.4563,0.0929
819.93,-57.1684,-1.3339,-16.3271,0.1007
822.80,-57.2870,-1.3476,-16.2084,0.1069
825.69,-57.4056,-1.3617,-16.0987,0.1118
828.59,-57.5243,-1.3760,-15.9892,0.1166
831.50,-57.6429,-1.3906,-15.8799,0.1213
834.41,-57.7616,-1.4055,-15.7709,0.1260
837.34,-57.8803,-1.4207,-15.6622,0.1307
840.28,-57.9991,-1.4362,-15.5537,0.1353
843.23,-58.1178,-1.4520,-15.4454,0.1399
846.19,-58.2366,-1.4681,-15.3375,0.1444
849.16,-58.3553,-1.4845,-15.2297,0.1489
852.14,-58.4741,-1.5013,-15.1223,0.1533
855.13,-58.5929,-1.5217,-15.0151,0.1548
858.13,-58.7118,-1.5516,-14.9081,0.1489
861.14,-58.8306,-1.5818,-14.8015,0.1429
864.16,-58.9495,-1.6123,-14.6951,0.1370
867.20,-59.0684,-1.6432,-14.5889,0.1310
870.24,-59.1873,-1.6745,-14.4831,0.1249
873.29,-59.3062,-1.7062,-14.3876,0.1170
876.36,-59.4251,-1.7382,-14.2927,0.1089
879.43,-59.5441,-1.7705,-14.1982,0.1008
882.52,-59.6631,-1.8033,-14.1039,0.0926
885.62,-59.7820,-1.8364,-14.0100,0.0843
888.73,-59.9010,-1.8698,-13.9164,0.0760
891.85,-60.0201,-1.9037,-13.8231,0.0676
894.98,-60.1391,-1.9379,-13.7301,0.0591
898.12,-60.2582,-1.9725,-13.6375,0.0506
901.27,-60.3772,-2.0075,-13.5452,0.0420
904.43,-60.4963,-2.0429,-13.4531,0.0334
907.60,-60.6154,-2.0879,-13.3615,0.0174
910.79,-60.7345,-2.1359,-13.2701,-0.0006
913.99,-60.8537,-2.1843,-13.1791,-0.0186
917.19,-60.9728,-2.2331,-13.0884,-0.0366
920.41,-61.0920,-2.2824,-12.9980,-0.0547
923.64,-61.2112,-2.3321,-12.9173,-0.0749
926.88,-61.3304,-2.3822,-12.8510,-0.0984
930.14,-61.4496,-2.4328,-12.7851,-0.1221
933.40,-61.5688,-2.4838,-12.7196,-0.1459
936.68,-61.6881,-2.5353,-12.6545,-0.1698
939.96,-61.8074,-2.5872,-12.5898,-0.1940
943.26,-61.9266,-2.6395,-12.5256,-0.2182
946.57,-62.0459,-2.6923,-12.4618,-0.2427
949.90,-62.1652,-2.7455,-12.3983,-0.2673
953.23,-62.2846,-2.7992,-12.3354,-0.2920
956.57,-62.4039,-2.8534,-12.2728,-0.3169
959.93,-62.5233,-2.9149,-12.2107,-0.3470
963.30,-62.6426,-2.9928,-12.1490,-0.3892
966.68,-62.7620,-3.0714,-12.0877,-0.4314
970.07,-62.8814,-3.1504,-12.0268,-0.4737
973.48,-63.0008,-3.2300,-11.9664,-0.5161
976.89,-63.1203,-3.3101,-11.9063,-0.5585
980.32,-63.2397,-3.3908,-11.8431,-0.6000
983.76,-63.3592,-3.4720,-11.7794,-0.6413
987.21,-63.4786,-3.5538,-11.7162,-0.6827
990.68,-63.5981,-3.6361,-11.6534,-0.7240
994.16,-63.7176,-3.7190,-11.5910,-0.7654
997.65,-63.8371,-3.8024,-11.5291,-0.8068
1001.15,-63.9567,-3.8864,-11.4675,-0.8482
1004.66,-64.0762,-3.9710,-11.4063,-0.8896
1008.19,-64.1958,-4.0560,-11.3456,-0.9310
1011.72,-64.3153,-4.1417,-11.2852,-0.9724
1015.27,-64.4349,-4.2279,-11.2253,-1.0138
1018.84,-64.5545,-4.2314,-11.1657,-0.9978
1022.41,-64.6741,-4.2160,-11.1066,-0.9689
1026.00,-64.7938,-4.2008,-11.0479,-0.9403
1029.60,-64.9134,-4.1858,-10.9895,-0.9118
1033.21,-65.0331,-4.1710,-10.9316,-0.8835
1036.84,-65.1527,-4.1564,-10.8724,-0.8550
1040.48,-65.2724,-4.1420,-10.8087,-0.8251
1044.13,-65.3921,-4.1279,-10.7453,-0.7954
1047.80,-65.5118,-4.1139,-10.6824,-0.7658
1051.47,-65.6315,-4.1001,-10.6198,-0.7365
1055.16,-65.7512,-4.0865,-10.5576,-0.7074
1058.87,-65.8710,-4.0731,-10.4957,-0.6785
1062.58,-65.9907,-4.0599,-10.4342,-0.6497
1066.31,-66.1105,-4.0469,-10.3731,-0.6212
1070.05,-66.2303,-4.0342,-10.3123,-0.5928
1073.81,-66.3501,-4.0216,-10.2519,-0.5646
1077.58,-66.4699,-4.0238,-10.1918,-0.5465
1081.36,-66.5897,-4.0569,-10.1321,-0.5489
1085.15,-66.7095,-4.0903,-10.0728,-0.5514
1088.96,-66.8294,-4.1240,-10.0138,-0.5541
1092.78,-66.9492,-4.1581,-9.9551,-0.5569
1096.62,-67.0691,-4.1925,-9.8967,-0.5599
1100.47,-67.1890,-4.2273,-9.8425,-0.5642
1104.33,-67.3088,-4.2625,-9.7904,-0.5693
1108.20,-67.4288,-4.2980,-9.7386,-0.5746
1112.09,-67.5487,-4.3339,-9.6871,-0.5800
1116.00,-67.6686,-4.3701,-9.6360,-0.5855
1119.91,-67.7885,-4.4067,-9.5852,-0.5912
1123.84,-67.9085,-4.4436,-9.5348,-0.5970
1127.79,-68.0284,-4.4809,-9.4846,-0.6030
1131.74,-68.1484,-4.5185,-9.4348,-0.6091
1135.72,-68.2684,-4.5565,-9.3853,-0.6153
1139.70,-68.3884,-4.5948,-9.3361,-0.6217
1143.70,-68.5084,-4.6495,-9.2872,-0.6383
1147.72,-68.6284,-4.7076,-9.2386,-0.6569
1151.74,-68.7484,-4.7662,-9.1903,-0.6756
1155.79,-68.8685,-4.8252,-9.1423,-0.6943
1159.84,-68.9885,-4.8847,-9.0946,-0.7131
1163.91,-69.1086,-4.9445,-9.0456,-0.7313
1168.00,-69.2286,-5.0047,-8.9859,-0.7453
1172.10,-69.3487,-5.0654,-8.9265,-0.7593
1176.21,-69.4688,-5.1264,-8.8673,-0.7732
1180.34,-69.5889,-5.1879,-8.8083,-0.7871
1184.48,-69.7090,-5.2498,-8.7495,-0.8008
1188.64,-69.8291,-5.3121,-8.6908,-0.8145
1192.81,-69.9493,-5.3748,-8.6324,-0.8281
1196.99,-70.0694,-5.4379,-8.5742,-0.8416
1201.19,-70.1896,-5.5014,-8.5161,-0.8550
1205.41,-70.3097,-5.5653,-8.4581,-0.8683
1209.64,-70.4299,-5.6235,-8.4004,-0.8779
1213.89,-70.5501,-5.6708,-8.3427,-0.8810
1218.15,-70.6703,-5.7185,-8.2853,-0.8840
1222.42,-70.7905,-5.7665,-8.2279,-0.8869
1226.71,-70.9107,-5.8148,-8.1707,-0.8898
1231.02,-71.0309,-5.8635,-8.1136,-0.8926
1235.34,-71.1512,-5.9125,-8.0631,-0.8981
1239.67,-71.2714,-5.9618,-8.0180,-0.9059
1244.02,-71.3917,-6.0114,-7.9730,-0.9138
1248.39,-71.5119,-6.0614,-7.9282,-0.9216
1252.77,-71.6322,-6.1117,-7.8834,-0.9293
1257.16,-71.7525,-6.1623,-7.8388,-0.9371
1261.58,-71.8728,-6.2133,-7.7944,-0.9448
1266.00,-71.9931,-6.2645,-7.7500,-0.9525
1270.45,-72.1134,-6.3161,-7.7057,-0.9601
1274.91,-72.2337,-6.3680,-7.6615,-0.9677
1279.38,-72.3540,-6.4202,-7.6174,-0.9753
1283.87,-72.4744,-6.4740,-7.5734,-0.9834
1288.38,-72.5947,-6.5282,-7.5294,-0.9915
1292.90,-72.7151,-6.5828,-7.4856,-0.9996
1297.43,-72.8354,-6.6376,-7.4418,-1.0076
1301.99,-72.9558,-6.6928,-7.3981,-1.0155
1306.56,-73.0762,-6.7483,-7.3544,-1.0233
1311.14,-73.1966,-6.8040,-7.2928,-1.0222
1315.74,-73.3170,-6.8601,-7.2308,-1.0208
1320.36,-73.4374,-6.9165,-7.1689,-1.0191
1324.99,-73.5578,-6.9732,-7.1069,-1.0171
1329.64,-73.6782,-7.0302,-7.0449,-1.0149
1334.31,-73.7987,-7.0874,-6.9829,-1.0124
1338.99,-73.9191,-7.1450,-6.9209,-1.0097
1343.69,-74.0395,-7.2028,-6.8589,-1.0066
1348.41,-74.1600,-7.2610,-6.7969,-1.0033
1353.14,-74.2805,-7.3194,-6.7348,-0.9997
1357.89,-74.4009,-7.3852,-6.6727,-0.9992
1362.65,-74.5214,-7.4633,-6.6107,-1.0041
1367.44,-74.6419,-7.5418,-6.5486,-1.0086
1372.24,-74.7624,-7.6206,-6.4865,-1.0127
1377.05,-74.8829,-7.6997,-6.4245,-1.0164
1381.88,-75.0034,-7.7792,-6.3624,-1.0196
1386.73,-75.1240,-7.8590,-6.3126,-1.0291
1391.60,-75.2445,-7.9392,-6.2804,-1.0479
1396.48,-75.3650,-8.0197,-6.2483,-1.0666
1401.38,-75.4856,-8.1005,-6.2163,-1.0851
1406.30,-75.6061,-8.1816,-6.1845,-1.1035
1411.24,-75.7267,-8.2631,-6.1528,-1.1218
1416.19,-75.8473,-8.3449,-6.1214,-1.1400
1421.16,-75.9679,-8.4270,-6.0901,-1.1580
1426.15,-76.0884,-8.5094,-6.0591,-1.1759
1431.15,-76.2090,-8.5921,-6.0282,-1.1938
1436.18,-76.3296,-8.6752,-5.9976,-1.2115
1441.22,-76.4503,-8.7588,-5.9673,-1.2293
1446.27,-76.5709,-8.8428,-5.9371,-1.2470
1451.35,-76.6915,-8.9272,-5.9073,-1.2646
1456.44,-76.8121,-9.0118,-5.8778,-1.2821
1461.55,-76.9328,-9.0967,-5.8486,-1.2996
1466.68,-77.0534,-9.1820,-5.8196,-1.3171
1471.83,-77.1741,-9.2675,-5.7701,-1.3219
1477.00,-77.2947,-9.3533,-5.7169,-1.3242
1482.18,-77.4154,-9.4394,-5.6640,-1.3262
1487.38,-77.5361,-9.5258,-5.6114,-1.3280
1492.60,-77.6567,-9.6125,-5.5592,-1.3296
1497.84,-77.7774,-9.6995,-5.5072,-1.3309
1503.10,-77.8981,-9.7868,-5.4556,-1.3321
1508.37,-78.0188,-9.8743,-5.4044,-1.3331
1513.66,-78.1395,-9.9621,-5.3535,-1.3339
1518.98,-78.2602,-10.0502,-5.3031,-1.3345
1524.31,-78.3810,-10.1434,-5.2531,-1.3367
1529.66,-78.5017,-10.2442,-5.2035,-1.3414
1535.02,-78.6224,-10.3454,-5.1543,-1.3459
1540.41,-78.7432,-10.4468,-5.1056,-1.3502
1545.82,-78.8639,-10.5485,-5.0573,-1.3543
1551.24,-78.9847,-10.6506,-5.0096,-1.3582
1556.69,-79.1054,-10.7529,-4.9607,-1.3610
1562.15,-79.2262,-10.8556,-4.9081,-1.3607
1567.63,-79.3470,-10.9585,-4.8559,-1.3602
1573.13,-79.4677,-11.0618,-4.8043,-1.3596
1578.65,-79.5885,-11.1653,-4.7532,-1.3588
1584.19,-79.7093,-11.2691,-4.7026,-1.3579
1589.75,-79.8301,-11.3732,-4.6525,-1.3568
1595.33,-79.9509,-11.4776,-4.6030,-1.3556
1600.93,-80.0717,-11.5823,-4.5540,-1.3543
1606.55,-80.1925,-11.6873,-4.5056,-1.3528
1612.19,-80.3134,-11.7925,-4.4577,-1.3513
1617.85,-80.4342,-11.8924,-4.4105,-1.3480
1623.52,-80.5550,-11.9919,-4.3637,-1.3445
1629.22,-80.6759,-12.0917,-4.3176,-1.3409
1634.94,-80.7967,-12.1917,-4.2720,-1.3373
1640.68,-80.9176,-12.2920,-4.2270,-1.3337
1646.43,-81.0384,-12.3925,-4.1826,-1.3301
1652.21,-81.1593,-12.4932,-4.1633,-1.3443
1658.01,-81.2802,-12.5942,-4.1551,-1.3662
1663.83,-81.4010,-12.6955,-4.1476,-1.3885
1669.67,-81.5219,-12.7970,-4.1408,-1.4110
1675.53,-81.6428,-12.8987,-4.1347,-1.4339
1681.41,-81.7637,-13.0006,-4.1293,-1.4570
1687.31,-81.8846,-13.1028,-4.1246,-1.4805
1693.23,-82.0055,-13.2052,-4.1206,-1.5043
1699.17,-82.1264,-13.3078,-4.1173,-1.5284
1705.14,-82.2473,-13.4106,-4.1146,-1.5528
1711.12,-82.3682,-13.5062,-4.1126,-1.5756
1717.13,-82.4892,-13.5918,-4.1113,-1.5962
1723.15,-82.6101,-13.6775,-4.1107,-1.6172
1729.20,-82.7310,-13.7633,-4.1107,-1.6386
1735.27,-82.8520,-13.8493,-4.1114,-1.6603
1741.36,-82.9729,-13.9354,-4.1127,-1.6824
1747.47,-83.0939,-14.0217,-4.1114,-1.7024
1753.60,-83.2148,-14.1082,-4.0894,-1.7065
1759.75,-83.3358,-14.1947,-4.0679,-1.7108
1765.93,-83.4568,-14.2814,-4.0469,-1.7154
1772.13,-83.5777,-14.3683,-4.0265,-1.7201
1778.35,-83.6987,-14.4552,-4.0066,-1.7250
1784.59,-83.8197,-14.5424,-3.9872,-1.7301
1790.85,-83.9407,-14.6296,-3.9683,-1.7354
1797.14,-84.0617,-14.7169,-3.9499,-1.7408
1803.44,-84.1827,-14.8044,-3.9320,-1.7465
1809.77,-84.3037,-14.8920,-3.9146,-1.7523
1816.12,-84.4247,-14.9918,-3.8977,-1.7610
1822.50,-84.5457,-15.0925,-3.8812,-1.7699
1828.89,-84.6667,-15.1934,-3.8652,-1.7790
1835.31,-84.7877,-15.2945,-3.8496,-1.7882
1841.75,-84.9087,-15.3957,-3.8344,-1.7975
1848.22,-85.0298,-15.4970,-3.8197,-1.8069
1854.70,-85.1508,-15.5986,-3.8119,-1.8216
1861.21,-85.2718,-15.7002,-3.8094,-1.8404
1867.74,-85.3929,-15.8021,-3.8074,-1.8593
1874.30,-85.5139,-15.9040,-3.8059,-1.8785
1880.87,-85.6350,-16.0062,-3.8048,-1.8978
1887.48,-85.7560,-16.1084,-3.8041,-1.9173
1894.10,-85.8771,-16.2108,-3.8038,-1.9370
1900.75,-85.9982,-16.3133,-3.8039,-1.9568
1907.42,-86.1192,-16.4160,-3.8045,-1.9768
1914.11,-86.2403,-16.5188,-3.8054,-1.9970
1920.83,-86.3614,-16.6219,-3.8067,-2.0174
1927.57,-86.4825,-16.7254,-3.8085,-2.0380
1934.33,-86.6036,-16.8289,-3.8106,-2.0587
1941.12,-86.7247,-16.9326,-3.8130,-2.0795
1947.93,-86.8458,-17.0364,-3.8159,-2.1006
1954.77,-86.9669,-17.1404,-3.8190,-2.1217
1961.63,-87.0880,-17.2444,-3.8226,-2.1430
1968.52,-87.2091,-17.3486,-3.8015,-2.1438
1975.42,-87.3302,-17.4529,-3.7805,-2.1445
1982.36,-87.4513,-17.5574,-3.7598,-2.1451
1989.31,-87.5724,-17.6619,-3.7393,-2.1457
1996.29,-87.6935,-17.7666,-3.7190,-2.1463
2003.30,-87.8147,-17.8714,-3.6990,-2.1468
2010.33,-87.9358,-17.9762,-3.6792,-2.1472
2017.39,-88.0569,-18.0812,-3.6596,-2.1477
2024.47,-88.1781,-18.1864,-3.6402,-2.1481
2031.57,-88.2992,-18.2916,-3.6210,-2.1484
2038.70,-88.4204,-18.4029,-3.6021,-2.1496
2045.85,-88.5415,-18.5146,-3.5833,-2.1508
2053.03,-88.6627,-18.6264,-3.5647,-2.1520
2060.24,-88.7839,-18.7384,-3.5463,-2.1530
2067.47,-88.9050,-18.8505,-3.5281,-2.1540
2074.73,-89.0262,-18.9626,-3.5101,-2.1549
2082.01,-89.1474,-19.0750,-3.4954,-2.1584
2089.31,-89.2685,-19.1874,-3.4851,-2.1656
2096.65,-89.3897,-19.3000,-3.4751,-2.1727
2104.00,-89.5109,-19.4126,-3.4652,-2.1798
2111.39,-89.6321,-19.5254,-3.4555,-2.1869
2118.80,-89.7533,-19.6383,-3.4461,-2.1939
2126.23,-89.8745,-19.7513,-3.4367,-2.2009
2133.69,-89.9957,-19.8644,-3.4276,-2.2079
2141.18,-90.1169,-19.9776,-3.4186,-2.2148
2148.70,-90.2381,-20.0910,-3.4098,-2.2217
2156.24,-90.3593,-20.2127,-3.4011,-2.2296
2163.80,-90.4805,-20.3440,-3.3926,-2.2386
2171.40,-90.6017,-20.4754,-3.3843,-2.2475
2179.02,-90.7229,-20.6070,-3.3761,-2.2564
2186.67,-90.8441,-20.7388,-3.3681,-2.2651
2194.34,-90.9654,-20.8707,-3.3602,-2.2738
2202.04,-91.0866,-21.0028,-3.3524,-2.2824
2209.77,-91.2078,-21.1351,-3.3147,-2.2642
2217.52,-91.3291,-21.2675,-3.2718,-2.2411
2225.31,-91.4503,-21.4001,-3.2290,-2.2177
2233.12,-91.5715,-21.5328,-3.1862,-2.1940
2240.95,-91.6928,-21.6657,-3.1434,-2.1700
2248.82,-91.8140,-21.7987,-3.1006,-2.1457
2256.71,-91.9353,-21.9319,-3.0577,-2.1210
2264.63,-92.0565,-22.0653,-3.0149,-2.0960
2272.58,-92.1778,-22.1988,-2.9721,-2.0708
2280.55,-92.2991,-22.3325,-2.9293,-2.0452
2288.56,-92.4203,-22.4652,-2.8864,-2.0192
2296.59,-92.5416,-22.5981,-2.8436,-1.9929
2304.65,-92.6629,-22.7312,-2.8007,-1.9662
2312.73,-92.7841,-22.8644,-2.7578,-1.9393
2320.85,-92.9054,-22.9977,-2.7149,-1.9121
2329.00,-93.0267,-23.1312,-2.6719,-1.8846
2337.17,-93.1480,-23.2649,-2.6327,-1.8602
2345.37,-93.2693,-23.3986,-2.6030,-1.8443
2353.60,-93.3906,-23.5325,-2.5732,-1.8281
2361.86,-93.5118,-23.6666,-2.5435,-1.8117
2370.15,-93.6331,-23.8008,-2.5137,-1.7951
2378.47,-93.7544,-23.9351,-2.4840,-1.7783
2386.82,-93.8757,-24.0696,-2.4543,-1.7613
2395.19,-93.9970,-24.2042,-2.4246,-1.7441
2403.60,-94.1183,-24.3390,-2.3949,-1.7267
2412.03,-94.2397,-24.4739,-2.3652,-1.7091
2420.50,-94.3610,-24.6171,-2.3355,-1.6918
2428.99,-94.4823,-24.7689,-2.3058,-1.6750
2437.52,-94.6036,-24.9210,-2.2761,-1.6579
2446.07,-94.7249,-25.0732,-2.2464,-1.6405
2454.66,-94.8462,-25.2256,-2.2167,-1.6230
2463.27,-94.9676,-25.3782,-2.1870,-1.6052
2471.91,-95.0889,-25.5310,-2.1572,-1.5872
2480.59,-95.2102,-25.6840,-2.1495,-1.5895
2489.30,-95.3315,-25.8372,-2.1506,-1.6000
2498.03,-95.4529,-25.9906,-2.1517,-1.6105
2506.80,-95.5742,-26.1442,-2.1530,-1.6209
2515.60,-95.6956,-26.2979,-2.1544,-1.6312
2524.42,-95.8169,-26.4519,-2.1558,-1.6415
2533.28,-95.9383,-26.6060,-2.1573,-1.6517
2542.17,-96.0596,-26.7603,-2.1589,-1.6619
2551.09,-96.1810,-26.9148,-2.1607,-1.6720
2560.05,-96.3023,-27.0695,-2.1624,-1.6821
2569.03,-96.4237,-27.2104,-2.1643,-1.6914
2578.05,-96.5450,-27.3515,-2.1663,-1.7007
2587.10,-96.6664,-27.4928,-2.1683,-1.7099
2596.17,-96.7877,-27.6342,-2.1704,-1.7191
2605.29,-96.9091,-27.7757,-2.1726,-1.7283
2614.43,-97.0305,-27.9174,-2.1749,-1.7375
2623.60,-97.1518,-28.0592,-2.1764,-1.7458
2632.81,-97.2732,-28.2011,-2.1726,-1.7490
2642.05,-97.3946,-28.3432,-2.1688,-1.7522
2651.32,-97.5160,-28.4854,-2.1652,-1.7553
2660.63,-97.6374,-28.6278,-2.1615,-1.7583
2669.96,-97.7587,-28.7703,-2.1580,-1.7613
2679.33,-97.8801,-28.9129,-2.1544,-1.7643
2688.74,-98.0015,-29.0556,-2.1510,-1.7672
2698.17,-98.1229,-29.1985,-2.1476,-1.7700
2707.64,-98.2443,-29.3416,-2.1442,-1.7728
2717.14,-98.3657,-29.4809,-2.1409,-1.7754
2726.68,-98.4871,-29.6169,-2.1376,-1.7779
2736.25,-98.6085,-29.7530,-2.1344,-1.7802
2745.85,-98.7299,-29.8892,-2.1312,-1.7826
2755.49,-98.8513,-30.0255,-2.1280,-1.7849
2765.16,-98.9727,-30.1619,-2.1250,-1.7872
2774.86,-99.0941,-30.2984,-2.1219,-1.7894
2784.60,-99.2155,-30.4350,-2.1122,-1.7851
2794.37,-99.3369,-30.5717,-2.0974,-1.7759
2804.18,-99.4583,-30.7085,-2.0827,-1.7666
2814.02,-99.5797,-30.8455,-2.0680,-1.7573
2823.90,-99.7012,-30.9825,-2.0532,-1.7479
2833.81,-99.8226,-31.1196,-2.0385,-1.7383
2843.75,-99.9440,-31.2569,-2.0238,-1.7287
2853.73,-100.0654,-31.3942,-2.0091,-1.7190
2863.75,-100.1868,-31.5316,-1.9943,-1.7092
2873.80,-100.3083,-31.6686,-1.9796,-1.6994
2883.88,-100.4297,-31.7875,-1.9648,-1.6888
2894.00,-100.5511,-31.9065,-1.9501,-1.6782
2904.16,-100.6726,-32.0254,-1.9353,-1.6676
2914.35,-100.7940,-32.1444,-1.9206,-1.6568
2924.58,-100.9154,-32.2634,-1.9058,-1.6460
2934.84,-101.0369,-32.3825,-1.8910,-1.6352
2945.14,-101.1583,-32.5016,-1.8764,-1.6244
2955.48,-101.2798,-32.6207,-1.8858,-1.6369
2965.85,-101.4012,-32.7399,-1.8952,-1.6494
2976.26,-101.5227,-32.8591,-1.9048,-1.6620
2986.70,-101.6441,-32.9784,-1.9144,-1.6746
2997.19,-101.7656,-33.0976,-1.9241,-1.6873
3007.70,-101.8870,-33.2169,-1.9338,-1.7000
3018.26,-102.0085,-33.3362,-1.9437,-1.7127
3028.85,-102.1299,-33.4556,-1.9536,-1.7255
3039.48,-102.2514,-33.5750,-1.9635,-1.7382
3050.15,-102.3728,-33.6848,-1.9736,-1.7508
3060.85,-102.4943,-33.7866,-1.9837,-1.7633
3071.59,-102.6158,-33.8882,-1.9939,-1.7757
3082.37,-102.7372,-33.9899,-2.0042,-1.7883
3093.19,-102.8587,-34.0915,-2.0145,-1.8008
3104.05,-102.9802,-34.1931,-2.0249,-1.8134
3114.94,-103.1016,-34.2946,-2.0354,-1.8261
3125.87,-103.2231,-34.3961,-2.0405,-1.8335
3136.84,-103.3446,-34.4976,-2.0387,-1.8341
3147.85,-103.4660,-34.5990,-2.0368,-1.8346
3158.90,-103.5875,-34.7004,-2.0350,-1.8352
3169.98,-103.7090,-34.8018,-2.0333,-1.8358
3181.11,-103.8305,-34.9031,-2.0315,-1.8363
3192.27,-103.9520,-35.0044,-2.0298,-1.8369
3203.47,-104.0734,-35.1056,-2.0281,-1.8374
3214.72,-104.1949,-35.2068,-2.0264,-1.8380
3226.00,-104.3164,-35.3064,-2.0248,-1.8385
3237.32,-104.4379,-35.3791,-2.0231,-1.8384
3248.68,-104.5594,-35.4516,-2.0215,-1.8384
3260.08,-104.6809,-35.5240,-2.0200,-1.8383
3271.52,-104.8024,-35.5962,-2.0184,-1.8383
3283.00,-104.9239,-35.6683,-2.0168,-1.8382
3294.53,-105.0454,-35.7402,-2.0153,-1.8382
3306.09,-105.1669,-35.8120,-2.0138,-1.8382
3317.69,-105.2884,-35.8836,-2.0124,-1.8382
3329.33,-105.4099,-35.9551,-2.0109,-1.8382
3341.02,-105.5314,-36.0265,-2.0095,-1.8381
3352.74,-105.6529,-36.0977,-2.0081,-1.8381
3364.51,-105.7744,-36.1687,-2.0067,-1.8381
3376.32,-105.8959,-36.2396,-2.0053,-1.8382
3388.17,-106.0174,-36.3103,-2.0039,-1.8382
3400.06,-106.1389,-36.3809,-2.0026,-1.8382
3411.99,-106.2604,-36.4513,-2.0013,-1.8382
3423.96,-106.3819,-36.5265,-2.0000,-1.8383
3435.98,-106.5034,-36.6054,-1.9987,-1.8385
3448.04,-106.6250,-36.6841,-1.9974,-1.8387
3460.14,-106.7465,-36.7627,-1.9962,-1.8389
3472.28,-106.8680,-36.8411,-1.9949,-1.8391
3484.47,-106.9895,-36.9195,-1.9937,-1.8393
3496.69,-107.1110,-36.9977,-1.9925,-1.8395
3508.97,-107.2326,-37.0758,-1.9900,-1.8383
3521.28,-107.3541,-37.1537,-1.9841,-1.8339
3533.64,-107.4756,-37.2315,-1.9782,-1.8294
3546.04,-107.5971,-37.3092,-1.9724,-1.8250
3558.48,-107.7187,-37.3867,-1.9665,-1.8205
3570.97,-107.8402,-37.4642,-1.9606,-1.8160
3583.50,-107.9617,-37.5414,-1.9548,-1.8115
3596.08,-108.0832,-37.6186,-1.9489,-1.8070
3608.70,-108.2048,-37.6956,-1.9430,-1.8025
3621.36,-108.3263,-37.7758,-1.9371,-1.7980
3634.07,-108.4478,-37.8963,-1.9313,-1.7941
3646.83,-108.5694,-38.0169,-1.9254,-1.7902
3659.63,-108.6909,-38.1374,-1.9195,-1.7862
3672.47,-108.8125,-38.2580,-1.9136,-1.7823
3685.36,-108.9340,-38.3785,-1.9077,-1.7783
3698.29,-109.0555,-38.4991,-1.9018,-1.7742
3711.27,-109.1771,-38.6197,-1.8959,-1.7702
3724.29,-109.2986,-38.7404,-1.8971,-1.7730
3737.36,-109.4202,-38.8610,-1.9009,-1.7784
3750.48,-109.5417,-38.9816,-1.9047,-1.7839
3763.64,-109.6633,-39.1023,-1.9085,-1.7893
3776.85,-109.7848,-39.2230,-1.9124,-1.7948
3790.10,-109.9064,-39.3437,-1.9163,-1.8003
3803.41,-110.0279,-39.4644,-1.9203,-1.8057
3816.75,-110.1495,-39.5851,-1.9242,-1.8112
3830.15,-110.2710,-39.7058,-1.9282,-1.8167
3843.59,-110.3926,-39.8335,-1.9322,-1.8223
3857.08,-110.5141,-39.9661,-1.9363,-1.8280
3870.61,-110.6357,-40.0987,-1.9404,-1.8336
3884.20,-110.7572,-40.2314,-1.9445,-1.8393
3897.83,-110.8788,-40.3641,-1.9486,-1.8450
3911.51,-111.0004,-40.4969,-1.9528,-1.8507
3925.24,-111.1219,-40.6297,-1.9570,-1.8563
3939.01,-111.2435,-40.7626,-1.9557,-1.8566
3952.84,-111.3650,-40.8956,-1.9250,-1.8277
3966.71,-111.4866,-41.0286,-1.8942,-1.7988
3980.63,-111.6082,-41.1617,-1.8633,-1.7697
3994.60,-111.7297,-41.2948,-1.8324,-1.7404
4008.62,-111.8513,-41.4280,-1.8013,-1.7110
4022.68,-111.9729,-41.5612,-1.7701,-1.6816
4036.80,-112.0944,-41.6945,-1.7388,-1.6519
4050.97,-112.2160,-41.8278,-1.7075,-1.6222
4065.19,-112.3376,-41.9611,-1.6760,-1.5923
4079.45,-112.4591,-42.0938,-1.6444,-1.5623
4093.77,-112.5807,-42.2266,-1.6128,-1.5322
4108.14,-112.7023,-42.3595,-1.5810,-1.5019
4122.55,-112.8239,-42.4923,-1.5491,-1.4715
4137.02,-112.9454,-42.6253,-1.5171,-1.4410
4151.54,-113.0670,-42.7583,-1.4851,-1.4104
4166.11,-113.1886,-42.8913,-1.4529,-1.3796
4180.73,-113.3102,-43.0244,-1.4158,-1.3439
4195.40,-113.4318,-43.1576,-1.3752,-1.3047
4210.12,-113.5533,-43.2908,-1.3345,-1.2654
4224.90,-113.6749,-43.4240,-1.2936,-1.2259
4239.73,-113.7965,-43.5573,-1.2527,-1.1863
4254.61,-113.9181,-43.6907,-1.2115,-1.1465
4269.54,-114.0397,-43.8241,-1.1703,-1.1065
4284.52,-114.1613,-43.9575,-1.1289,-1.0664
4299.56,-114.2828,-44.0910,-1.0874,-1.0261
4314.65,-114.4044,-44.2278,-1.0457,-0.9857
4329.79,-114.5260,-44.3666,-1.0039,-0.9451
4344.98,-114.6476,-44.5055,-0.9619,-0.9044
4360.23,-114.7692,-44.6445,-0.9199,-0.8635
4375.53,-114.8908,-44.7835,-0.8776,-0.8224
4390.89,-115.0124,-44.9226,-0.8353,-0.7812
4406.30,-115.1340,-45.0618,-0.7928,-0.7398
4421.76,-115.2556,-45.2010,-0.7512,-0.6993
4437.28,-115.3772,-45.3404,-0.7678,-0.7166
4452.85,-115.4988,-45.4797,-0.7844,-0.7340
4468.48,-115.6204,-45.6192,-0.8011,-0.7514
4484.16,-115.7420,-45.7587,-0.8179,-0.7688
4499.90,-115.8636,-45.8983,-0.8347,-0.7864
4515.69,-115.9851,-46.0380,-0.8516,-0.8039
4531.54,-116.1067,-46.1778,-0.8686,-0.8216
4547.44,-116.2283,-46.3176,-0.8856,-0.8393
4563.40,-116.3499,-46.4573,-0.9027,-0.8570
4579.41,-116.4716,-46.5962,-0.9199,-0.8748
4595.49,-116.5932,-46.7352,-0.9371,-0.8927
4611.61,-116.7148,-46.8743,-0.9544,-0.9106
4627.80,-116.8364,-47.0134,-0.9718,-0.9286
4644.04,-116.9580,-47.1526,-0.9892,-0.9466
4660.34,-117.0796,-47.2918,-1.0068,-0.9647
4676.69,-117.2012,-47.4311,-1.0243,-0.9829
4693.10,-117.3228,-47.5705,-1.0365,-0.9957
4709.57,-117.4444,-47.7100,-1.0420,-1.0018
4726.10,-117.5660,-47.8495,-1.0476,-1.0080
4742.69,-117.6876,-47.9891,-1.0531,-1.0141
4759.33,-117.8092,-48.1288,-1.0587,-1.0203
4776.03,-117.9308,-48.2685,-1.0644,-1.0265
4792.80,-118.0524,-48.4083,-1.0700,-1.0328
4809.61,-118.1741,-48.5482,-1.0757,-1.0390
4826.49,-118.2957,-48.6882,-1.0814,-1.0453
4843.43,-118.4173,-48.8350,-1.0871,-1.0516
4860.43,-118.5389,-48.9859,-1.0928,-1.0579
4877.49,-118.6605,-49.1369,-1.0986,-1.0643
4894.60,-118.7821,-49.2880,-1.1044,-1.0706
4911.78,-118.9037,-49.4392,-1.1102,-1.0770
4929.02,-119.0254,-49.5905,-1.1161,-1.0834
4946.32,-119.1470,-49.7419,-1.1220,-1.0898
4963.68,-119.2686,-49.8934,-1.1279,-1.0963
4981.10,-119.3902,-50.0451,-1.1526,-1.1214
4998.58,-119.5118,-50.1968,-1.1800,-1.1493
5016.12,-119.6335,-50.3487,-1.2075,-1.1772
5033.72,-119.7551,-50.5006,-1.2351,-1.2052
5051.39,-119.8767,-50.6527,-1.2628,-1.2334
5069.12,-119.9983,-50.8049,-1.2906,-1.2616
5086.90,-120.1199,-50.9572,-1.3185,-1.2899
5104.76,-120.2416,-51.1097,-1.3465,-1.3183
5122.67,-120.3632,-51.2619,-1.3746,-1.3468
5140.65,-120.4848,-51.4128,-1.4028,-1.3754
5158.69,-120.6064,-51.5638,-1.4311,-1.4041
5176.79,-120.7281,-51.7149,-1.4596,-1.4329
5194.96,-120.8497,-51.8662,-1.4881,-1.4618
5213.19,-120.9713,-52.0175,-1.5167,-1.4908
5231.49,-121.0930,-52.1689,-1.5454,-1.5199
5249.85,-121.2146,-52.3205,-1.5743,-1.5491
5268.27,-121.3362,-52.4721,-1.5947,-1.5699
5286.76,-121.4578,-52.6239,-1.5963,-1.5719
5305.31,-121.5795,-52.7758,-1.5978,-1.5739
5323.93,-121.7011,-52.9277,-1.5994,-1.5758
5342.62,-121.8227,-53.0798,-1.6009,-1.5778
5361.37,-121.9444,-53.2320,-1.6025,-1.5798
5380.18,-122.0660,-53.3844,-1.6041,-1.5817
5399.06,-122.1876,-53.5368,-1.6057,-1.5837
5418.01,-122.3093,-53.6893,-1.6073,-1.5857
5437.02,-122.4309,-53.8408,-1.6089,-1.5877
5456.11,-122.5525,-53.9919,-1.6105,-1.5896
5475.25,-122.6742,-54.1430,-1.6121,-1.5916
5494.47,-122.7958,-54.2942,-1.6138,-1.5936
5513.75,-122.9175,-54.4455,-1.6154,-1.5956
5533.10,-123.0391,-54.5970,-1.6171,-1.5976
5552.52,-123.1607,-54.7485,-1.6187,-1.5996
5572.01,-123.2824,-54.9002,-1.6204,-1.6016
5591.56,-123.4040,-55.0519,-1.6320,-1.6135
5611.18,-123.5256,-55.2038,-1.6471,-1.6289
5630.87,-123.6473,-55.3558,-1.6623,-1.6444
5650.64,-123.7689,-55.5079,-1.6775,-1.6599
5670.47,-123.8906,-55.6601,-1.6928,-1.6754
5690.37,-124.0122,-55.8124,-1.7082,-1.6911
5710.34,-124.1339,-55.9649,-1.7236,-1.7067
5730.38,-124.2555,-56.1174,-1.7391,-1.7225
5750.49,-124.3771,-56.2667,-1.7546,-1.7382
5770.67,-124.4988,-56.4000,-1.7702,-1.7540
5790.92,-124.6204,-56.5333,-1.7858,-1.7699
5811.24,-124.7421,-56.6667,-1.8015,-1.7858
5831.64,-124.8637,-56.8001,-1.8172,-1.8018
5852.10,-124.9854,-56.9336,-1.8331,-1.8178
5872.64,-125.1070,-57.0671,-1.8489,-1.8339
5893.25,-125.2287,-57.2007,-1.8649,-1.8500
5913.93,-125.3503,-57.3343,-1.8750,-1.8604
5934.69,-125.4720,-57.4679,-1.8567,-1.8423
5955.51,-125.5936,-57.6016,-1.8382,-1.8241
5976.41,-125.7153,-57.7354,-1.8198,-1.8059
5997.39,-125.8369,-57.8692,-1.8012,-1.7876
6018.43,-125.9586,-58.0030,-1.7826,-1.7692
6039.56,-126.0802,-58.1369,-1.7639,-1.7507
6060.75,-126.2019,-58.2708,-1.7452,-1.7322
6082.02,-126.3235,-58.4048,-1.7264,-1.7137
6103.37,-126.4452,-58.5302,-1.7075,-1.6950
6124.79,-126.5668,-58.6517,-1.6886,-1.6763
6146.28,-126.6885,-58.7733,-1.6696,-1.6575
6167.85,-126.8101,-58.8948,-1.6506,-1.6386
6189.50,-126.9318,-59.0163,-1.6315,-1.6197
6211.22,-127.0534,-59.1379,-1.6123,-1.6007
6233.01,-127.1751,-59.2594,-1.5930,-1.5817
6254.89,-127.2967,-59.3809,-1.5737,-1.5625
6276.84,-127.4184,-59.5025,-1.5536,-1.5426
6298.87,-127.5400,-59.6240,-1.5329,-1.5220
6320.97,-127.6617,-59.7456,-1.5121,-1.5014
6343.16,-127.7833,-59.8671,-1.4912,-1.4808
6365.42,-127.9050,-59.9887,-1.4703,-1.4600
6387.76,-128.0267,-60.1102,-1.4493,-1.4392
6410.17,-128.1483,-60.2318,-1.4283,-1.4183
6432.67,-128.2700,-60.3533,-1.4071,-1.3973
6455.24,-128.3916,-60.4783,-1.3859,-1.3763
6477.90,-128.5133,-60.6176,-1.3646,-1.3552
6500.63,-128.6350,-60.7570,-1.3433,-1.3340
6523.45,-128.7566,-60.8964,-1.3218,-1.3127
6546.34,-128.8783,-61.0358,-1.3003,-1.2914
6569.31,-128.9999,-61.1754,-1.2788,-1.2700
6592.37,-129.1216,-61.3150,-1.2571,-1.2485
6615.50,-129.2433,-61.4546,-1.2354,-1.2269
6638.72,-129.3649,-61.5944,-1.2145,-1.2062
6662.02,-129.4866,-61.7341,-1.2220,-1.2138
6685.40,-129.6082,-61.8740,-1.2296,-1.2215
6708.86,-129.7299,-62.0139,-1.2372,-1.2293
6732.40,-129.8516,-62.1539,-1.2448,-1.2370
6756.03,-129.9732,-62.2940,-1.2525,-1.2448
6779.74,-130.0949,-62.4341,-1.2602,-1.2526
6803.53,-130.2166,-62.5743,-1.2679,-1.2604
6827.41,-130.3382,-62.7145,-1.2756,-1.2683
6851.37,-130.4599,-62.8499,-1.2834,-1.2761
6875.42,-130.5816,-62.9834,-1.2912,-1.2840
6899.54,-130.7032,-63.1168,-1.2990,-1.2920
6923.76,-130.8249,-63.2503,-1.3069,-1.2999
6948.06,-130.9465,-63.3839,-1.3148,-1.3079
6972.44,-131.0682,-63.5175,-1.3227,-1.3159
6996.91,-131.1899,-63.6511,-1.3306,-1.3240
7021.46,-131.3115,-63.7848,-1.3386,-1.3320
7046.11,-131.4332,-63.9185,-1.3529,-1.3464
7070.83,-131.5549,-64.0523,-1.3745,-1.3682
7095.65,-131.6766,-64.1861,-1.3963,-1.3900
7120.55,-131.7982,-64.3199,-1.4182,-1.4119
7145.54,-131.9199,-64.4538,-1.4401,-1.4339
7170.62,-132.0416,-64.5878,-1.4621,-1.4560
7195.78,-132.1632,-64.7218,-1.4842,-1.4782
7221.03,-132.2849,-64.8558,-1.5063,-1.5004
7246.37,-132.4066,-64.9897,-1.5286,-1.5227
7271.81,-132.5282,-65.1231,-1.5509,-1.5451
7297.33,-132.6499,-65.2566,-1.5733,-1.5676
7322.93,-132.7716,-65.3901,-1.5957,-1.5901
7348.63,-132.8932,-65.5236,-1.6183,-1.6128
7374.42,-133.0149,-65.6572,-1.6409,-1.6355
7400.30,-133.1366,-65.7909,-1.6636,-1.6582
7426.27,-133.2583,-65.9246,-1.6864,-1.6811
7452.34,-133.3799,-66.0583,-1.7093,-1.7041
7478.49,-133.5016,-66.1920,-1.7065,-1.7014
7504.73,-133.6233,-66.3258,-1.7006,-1.6955
7531.07,-133.7450,-66.4597,-1.6946,-1.6896
7557.50,-133.8666,-66.5936,-1.6886,-1.6837
7584.02,-133.9883,-66.7275,-1.6826,-1.6778
7610.64,-134.1100,-66.8615,-1.6766,-1.6718
7637.35,-134.2317,-66.9955,-1.6706,-1.6659
7664.15,-134.3533,-67.1296,-1.6645,-1.6599
7691.05,-134.4750,-67.2546,-1.6584,-1.6538
7718.04,-134.5967,-67.3762,-1.6523,-1.6478
7745.13,-134.7184,-67.4978,-1.6462,-1.6417
7772.31,-134.8400,-67.6195,-1.6400,-1.6357
7799.58,-134.9617,-67.7411,-1.6339,-1.6296
7826.96,-135.0834,-67.8627,-1.6277,-1.6234
7854.42,-135.2051,-67.9843,-1.6214,-1.6173
7881.99,-135.3267,-68.1060,-1.6152,-1.6111
7909.65,-135.4484,-68.2276,-1.6147,-1.6107
7937.41,-135.5701,-68.3492,-1.6264,-1.6224
7965.26,-135.6918,-68.4709,-1.6382,-1.6342
7993.22,-135.8134,-68.5925,-1.6500,-1.6461
8021.27,-135.9351,-68.7141,-1.6618,-1.6580
8049.42,-136.0568,-68.8358,-1.6737,-1.6699
8077.67,-136.1785,-68.9574,-1.6856,-1.6819
8106.02,-136.3002,-69.0791,-1.6976,-1.6939
8134.46,-136.4218,-69.2021,-1.7096,-1.7059
8163.01,-136.5435,-69.3297,-1.7216,-1.7180
8191.66,-136.6652,-69.4573,-1.7337,-1.7302
8220.41,-136.7869,-69.5848,-1.7459,-1.7424
8249.25,-136.9086,-69.7125,-1.7581,-1.7546
8278.20,-137.0302,-69.8401,-1.7703,-1.7669
8307.26,-137.1519,-69.9677,-1.7826,-1.7792
8336.41,-137.2736,-70.0954,-1.7949,-1.7915
8365.67,-137.3953,-70.2231,-1.8072,-1.8039
8395.02,-137.5170,-70.3508,-1.8059,-1.8026
8424.49,-137.6386,-70.4786,-1.7999,-1.7967
8454.05,-137.7603,-70.6064,-1.7940,-1.7908
8483.72,-137.8820,-70.7341,-1.7880,-1.7849
8513.49,-138.0037,-70.8619,-1.7820,-1.7790
8543.37,-138.1254,-70.9898,-1.7760,-1.7730
8573.35,-138.2470,-71.1176,-1.7700,-1.7671
8603.44,-138.3687,-71.2455,-1.7640,-1.7611
8633.63,-138.4904,-71.3999,-1.7579,-1.7550
8663.93,-138.6121,-71.5630,-1.7518,-1.7490
8694.34,-138.7338,-71.7262,-1.7457,-1.7430
8724.85,-138.8555,-71.8896,-1.7396,-1.7369
8755.47,-138.9771,-72.0531,-1.7334,-1.7308
8786.20,-139.0988,-72.2168,-1.7273,-1.7247
8817.03,-139.2205,-72.3806,-1.7211,-1.7185
8847.97,-139.3422,-72.5445,-1.7149,-1.7124
8879.03,-139.4639,-72.7086,-1.7107,-1.7083
8910.19,-139.5856,-72.8729,-1.7160,-1.7136
8941.46,-139.7073,-73.0373,-1.7213,-1.7189
8972.83,-139.8289,-73.2019,-1.7265,-1.7242
9004.32,-139.9506,-73.3666,-1.7319,-1.7296
9035.92,-140.0723,-73.5314,-1.7372,-1.7350
9067.64,-140.1940,-73.6965,-1.7426,-1.7404
9099.46,-140.3157,-73.8616,-1.7479,-1.7458
9131.39,-140.4374,-74.0421,-1.7533,-1.7512
9163.44,-140.5591,-74.2642,-1.7587,-1.7567
9195.60,-140.6807,-74.4867,-1.7642,-1.7622
9227.87,-140.8024,-74.7094,-1.7696,-1.7677
9260.25,-140.9241,-74.9326,-1.7751,-1.7732
9292.75,-141.0458,-75.1561,-1.7806,-1.7787
9325.36,-141.1675,-75.3800,-1.7861,-1.7843
9358.09,-141.2892,-75.6042,-1.7916,-1.7899
9390.93,-141.4109,-75.8288,-1.7972,-1.7954
9423.89,-141.5325,-76.0537,-1.7925,-1.7908
9456.96,-141.6542,-76.2790,-1.7813,-1.7797
9490.15,-141.7759,-76.5047,-1.7701,-1.7685
9523.45,-141.8976,-76.7308,-1.7588,-1.7572
9556.87,-142.0193,-76.9572,-1.7474,-1.7459
9590.41,-142.1410,-77.1839,-1.7361,-1.7346
9624.07,-142.2627,-77.4111,-1.7247,-1.7233
9657.85,-142.3844,-77.6386,-1.7133,-1.7119
9691.74,-142.5061,-77.8342,-1.7018,-1.7004
9725.75,-142.6277,-78.0210,-1.6903,-1.6889
9759.88,-142.7494,-78.2080,-1.6787,-1.6774
9794.14,-142.8711,-78.3952,-1.6671,-1.6658
9828.51,-142.9928,-78.5826,-1.6555,-1.6542
9863.00,-143.1145,-78.7703,-1.6438,-1.6426
9897.61,-143.2362,-78.9583,-1.6321,-1.6309
9932.35,-143.3579,-79.1464,-1.6203,-1.6191
9967.20,-143.4796,-79.3348,-1.6087,-1.6076
10002.18,-143.6013,-79.5234,-1.6029,-1.6018
10037.29,-143.7229,-79.7123,-1.5969,-1.5959
10072.51,-143.8446,-79.9014,-1.5910,-1.5900
10107.86,-143.9663,-80.0907,-1.5851,-1.5840
10143.33,-144.0880,-80.2803,-1.5791,-1.5781
10178.93,-144.2097,-80.4701,-1.5731,-1.5721
10214.65,-144.3314,-80.6601,-1.5671,-1.5661
10250.50,-144.4531,-80.8424,-1.5610,-1.5601
10286.47,-144.5748,-81.0054,-1.5550,-1.5541
10322.57,-144.6965,-81.1686,-1.5489,-1.5480
10358.80,-144.8182,-81.3319,-1.5428,-1.5419
10395.15,-144.9399,-81.4954,-1.5367,-1.5358
10431.63,-145.0615,-81.6590,-1.5306,-1.5297
10468.24,-145.1832,-81.8228,-1.5244,-1.5236
10504.98,-145.3049,-81.9867,-1.5182,-1.5174
10541.85,-145.4266,-82.1508,-1.5120,-1.5112
10578.84,-145.5483,-82.3150,-1.4904,-1.4896
10615.97,-145.6700,-82.4793,-1.4516,-1.4508
10653.22,-145.7917,-82.6438,-1.4126,-1.4119
10690.61,-145.9134,-82.8085,-1.3735,-1.3728
10728.13,-146.0351,-82.9733,-1.3343,-1.3336
10765.78,-146.1568,-83.1383,-1.2949,-1.2942
10803.56,-146.2785,-83.3034,-1.2554,-1.2547
10841.47,-146.4002,-83.4687,-1.2157,-1.2150
10879.52,-146.5219,-83.7365,-1.1759,-1.1753
10917.70,-146.6435,-84.0299,-1.1360,-1.1354
10956.02,-146.7652,-84.3238,-1.0959,-1.0953
10994.47,-146.8869,-84.6183,-1.0557,-1.0551
11033.05,-147.0086,-84.9135,-1.0153,-1.0148
11071.77,-147.1303,-85.2092,-0.9748,-0.9743
11110.63,-147.2520,-85.5056,-0.9342,-0.9337
11149.62,-147.3737,-85.8025,-0.8934,-0.8929
11188.75,-147.4954,-86.1001,-0.8525,-0.8520
11228.01,-147.6171,-86.3983,-0.8310,-0.8306
11267.42,-147.7388,-86.6971,-0.8116,-0.8111
11306.96,-147.8605,-86.9966,-0.7920,-0.7916
11346.64,-147.9822,-87.2966,-0.7725,-0.7720
11386.46,-148.1039,-87.5973,-0.7528,-0.7524
11426.42,-148.2256,-87.8987,-0.7331,-0.7327
11466.52,-148.3473,-88.2006,-0.7133,-0.7129
11506.76,-148.4690,-88.5242,-0.6934,-0.6931
11547.14,-148.5906,-88.8941,-0.6735,-0.6732
11587.67,-148.7123,-89.2648,-0.6535,-0.6532
11628.33,-148.8340,-89.6364,-0.6334,-0.6331
11669.14,-148.9557,-90.0088,-0.6133,-0.6130
11710.09,-149.0774,-90.3822,-0.5931,-0.5928
11751.19,-149.1991,-90.7564,-0.5728,-0.5725
11792.43,-149.3208,-91.1315,-0.5524,-0.5522
11833.82,-149.4425,-91.5075,-0.5320,-0.5318
11875.35,-149.5642,-91.8844,-0.5144,-0.5142
11917.02,-149.6859,-92.2622,-0.5027,-0.5024
11958.84,-149.8076,-92.6409,-0.4909,-0.4906
12000.81,-149.9293,-93.0205,-0.4790,-0.4788
12042.93,-150.0510,-93.4010,-0.4671,-0.4669
12085.19,-150.1727,-93.7824,-0.4552,-0.4550
12127.60,-150.2944,-94.1647,-0.4432,-0.4430
12170.16,-150.4161,-94.5480,-0.4312,-0.4310
12212.87,-150.5378,-94.8808,-0.4191,-0.4190
12255.73,-150.6595,-95.2037,-0.4070,-0.4069
12298.75,-150.7812,-95.5274,-0.3949,-0.3948
12341.91,-150.9028,-95.8517,-0.3827,-0.3826
12385.22,-151.0245,-96.1768,-0.3705,-0.3704
12428.68,-151.1462,-96.5026,-0.3582,-0.3581
12472.30,-151.2679,-96.8291,-0.3459,-0.3458
12516.07,-151.3896,-97.1563,-0.3336,-0.3334
12560.00,-151.5113,-97.4842,-0.3212,-0.3210
12604.08,-151.6330,-97.8129,-0.3030,-0.3029
12648.31,-151.7547,-98.1423,-0.2830,-0.2828
12692.70,-151.8764,-98.4724,-0.2629,-0.2627
12737.24,-151.9981,-98.8032,-0.2427,-0.2426
12781.94,-152.1198,-99.1348,-0.2225,-0.2224
12826.80,-152.2415,-99.4671,-0.2021,-0.2021
12871.81,-152.3632,-99.8002,-0.1818,-0.1817
12916.99,-152.4849,-100.1018,-0.1613,-0.1612
12962.32,-152.6066,-100.3417,-0.1408,-0.1407
13007.81,-152.7283,-100.5820,-0.1202,-0.1201
13053.46,-152.8500,-100.8227,-0.0995,-0.0995
13099.27,-152.9717,-101.0638,-0.0788,-0.0787
13145.24,-153.0934,-101.3054,-0.0580,-0.0579
13191.37,-153.2151,-101.5473,-0.0371,-0.0370
13237.67,-153.3368,-101.7897,-0.0161,-0.0161
13284.12,-153.4585,-102.0325,0.0049,0.0050
13330.74,-153.5801,-102.2758,0.0203,0.0204
13377.53,-153.7018,-102.5194,0.0121,0.0121
13424.47,-153.8235,-102.7635,0.0038,0.0039
13471.58,-153.9452,-103.0080,-0.0045,-0.0044
13518.86,-154.0669,-103.2530,-0.0128,-0.0127
13566.31,-154.1886,-103.4984,-0.0211,-0.0210
13613.92,-154.3103,-103.7442,-0.0295,-0.0294
13661.69,-154.4320,-103.9904,-0.0379,-0.0378
13709.64,-154.5537,-104.2161,-0.0463,-0.0462
13757.75,-154.6754,-104.4384,-0.0547,-0.0547
13806.03,-154.7971,-104.6611,-0.0632,-0.0632
13854.48,-154.9188,-104.8841,-0.0717,-0.0717
13903.11,-155.0405,-105.1075,-0.0803,-0.0802
13951.90,-155.1622,-105.3313,-0.0889,-0.0888
14000.86,-155.2839,-105.5554,-0.0975,-0.0974
14050.00,-155.4056,-105.7798,-0.1061,-0.1061
14099.30,-155.5273,-106.0047,-0.1148,-0.1147
14148.78,-155.6490,-106.2299,-0.1363,-0.1363
14198.44,-155.7707,-106.4554,-0.1658,-0.1657
14248.27,-155.8924,-106.6813,-0.1953,-0.1952
14298.27,-156.0140,-106.9076,-0.2249,-0.2249
14348.45,-156.1357,-107.1343,-0.2546,-0.2546
14398.80,-156.2574,-107.3613,-0.2845,-0.2844
14449.33,-156.3791,-107.5887,-0.3144,-0.3144
14500.04,-156.5008,-107.7928,-0.3445,-0.3444
14550.93,-156.6225,-107.9559,-0.3746,-0.3746
14602.00,-156.7442,-108.1191,-0.4049,-0.4048
14653.24,-156.8659,-108.2824,-0.4352,-0.4352
14704.66,-156.9876,-108.4459,-0.4657,-0.4657
14756.27,-157.1093,-108.6096,-0.4963,-0.4962
14808.06,-157.2310,-108.7734,-0.5270,-0.5269
14860.02,-157.3527,-108.9373,-0.5577,-0.5577
14912.17,-157.4744,-109.1014,-0.5886,-0.5886
14964.51,-157.5961,-109.2657,-0.6180,-0.6179
15017.02,-157.7178,-109.4301,-0.6180,-0.6179
15069.72,-157.8395,-109.5946,-0.6180,-0.6179
15122.61,-157.9612,-109.7593,-0.6180,-0.6179
15175.68,-158.0828,-109.9241,-0.6179,-0.6179
15228.94,-158.2045,-110.0891,-0.6179,-0.6179
15282.39,-158.3262,-110.2543,-0.6179,-0.6179
15336.02,-158.4479,-110.4196,-0.6179,-0.6179
15389.84,-158.5696,-110.7122,-0.6179,-0.6179
15443.85,-158.6913,-111.0233,-0.6179,-0.6179
15498.05,-158.8130,-111.3351,-0.6179,-0.6179
15552.44,-158.9347,-111.6476,-0.6179,-0.6179
15607.02,-159.0564,-111.9607,-0.6179,-0.6179
15661.79,-159.1781,-112.2746,-0.6179,-0.6179
15716.75,-159.2998,-112.5890,-0.6179,-0.6179
15771.91,-159.4215,-112.9042,-0.6179,-0.6179
15827.26,-159.5432,-113.2201,-0.6179,-0.6179
15882.80,-159.6649,-113.5366,-0.6037,-0.6037
15938.54,-159.7865,-113.8538,-0.5743,-0.5743
15994.48,-159.9082,-114.1717,-0.5448,-0.5447
16050.61,-160.0299,-114.4903,-0.5151,-0.5151
16106.94,-160.1516,-114.8096,-0.4854,-0.4854
16163.46,-160.2733,-115.1295,-0.4556,-0.4556
16220.19,-160.3950,-115.4502,-0.4257,-0.4256
16277.11,-160.5167,-115.7649,-0.3956,-0.3956
16334.24,-160.6384,-116.0698,-0.3655,-0.3655
16391.56,-160.7601,-116.3754,-0.3352,-0.3352
16449.08,-160.8818,-116.6816,-0.3049,-0.3049
16506.81,-161.0035,-116.9884,-0.2744,-0.2744
16564.74,-161.1251,-117.2959,-0.2439,-0.2438
16622.87,-161.2468,-117.6041,-0.2132,-0.2132
16681.21,-161.3685,-117.9129,-0.1824,-0.1824
16739.75,-161.4902,-118.2223,-0.1515,-0.1515
16798.50,-161.6119,-118.5325,-0.1205,-0.1205
16857.45,-161.7336,-118.8432,-0.1442,-0.1442
16916.61,-161.8553,-119.1547,-0.1731,-0.1730
16975.98,-161.9770,-119.4668,-0.2020,-0.2020
17035.56,-162.0987,-119.7796,-0.2311,-0.2311
17095.34,-162.2203,-120.0930,-0.2602,-0.2602
17155.34,-162.3420,-120.4072,-0.2895,-0.2895
17215.54,-162.4637,-120.7219,-0.3189,-0.3189
17275.96,-162.5854,-120.6877,-0.3484,-0.3484
17336.59,-162.7071,-120.6140,-0.3779,-0.3779
17397.43,-162.8288,-120.5396,-0.4076,-0.4076
17458.48,-162.9505,-120.4646,-0.4374,-0.4374
17519.75,-163.0721,-120.3889,-0.4673,-0.4673
17581.24,-163.1938,-120.3124,-0.4973,-0.4973
17642.94,-163.3155,-120.2353,-0.5274,-0.5274
17704.85,-163.4372,-120.1575,-0.5576,-0.5576
17766.99,-163.5589,-120.0790,-0.5879,-0.5879
17829.34,-163.6806,-119.9998,-0.6121,-0.6121
17891.91,-163.8023,-119.9198,-0.6244,-0.6244
17954.70,-163.9239,-119.8392,-0.6368,-0.6368
18017.71,-164.0456,-119.7578,-0.6493,-0.6492
18080.94,-164.1673,-119.6758,-0.6617,-0.6617
18144.40,-164.2890,-119.5930,-0.6742,-0.6742
18208.07,-164.4107,-119.5095,-0.6868,-0.6868
18271.97,-164.5324,-119.4787,-0.6994,-0.6994
18336.10,-164.6540,-119.5236,-0.7121,-0.7121
18400.45,-164.7757,-119.5682,-0.7248,-0.7247
18465.02,-164.8974,-119.6125,-0.7375,-0.7375
18529.82,-165.0191,-119.6566,-0.7503,-0.7503
18594.85,-165.1408,-119.7003,-0.7631,-0.7631
18660.11,-165.2625,-119.7439,-0.7760,-0.7760
18725.60,-165.3841,-119.7871,-0.7889,-0.7889
18791.31,-165.5058,-119.8301,-0.8019,-0.8019
18857.26,-165.6275,-119.8728,-0.8149,-0.8149
18923.44,-165.7492,-119.9152,-0.8224,-0.8223
18989.85,-165.8708,-119.9573,-0.8282,-0.8282
19056.49,-165.9925,-119.9992,-0.8342,-0.8341
19123.37,-166.1142,-120.0407,-0.8401,-0.8401
19190.48,-166.2359,-120.0820,-0.8460,-0.8460
19257.83,-166.3576,-120.1230,-0.8520,-0.8520
19325.41,-166.4792,-120.1638,-0.8580,-0.8580
19393.23,-166.6009,-110.3793,-0.8640,-0.8640
19461.29,-166.7226,-110.5010,-0.8700,-0.8700
19529.59,-166.8443,-110.6227,-0.8761,-0.8761
19598.13,-166.9659,-110.7444,-0.8822,-0.8821
19666.91,-167.0876,-110.8662,-0.8883,-0.8882
19735.93,-167.2093,-110.9879,-0.8944,-0.8944
19805.19,-167.3310,-111.1096,-0.9005,-0.9005
19874.69,-167.4526,-111.2313,-0.9067,-0.9067
19944.44,-167.5743,-111.3530,-0.9129,-0.9128
20014.44,-167.6960,-111.4747,-20.9178,-20.9175
20084.67,-167.8177,-111.5964,-20.9178,-20.9175
20155.16,-167.9393,-111.7181,-20.9178,-20.9175
20225.89,-168.0610,-111.8398,-20.9178,-20.9175
20296.87,-168.1827,-111.9615,-20.9178,-20.9175
20368.11,-168.3043,-112.0832,-20.9178,-20.9175
20439.59,-168.4260,-112.2050,-20.9178,-20.9175
20511.32,-168.5477,-112.3267,-20.9178,-20.9175
20583.30,-168.6693,-112.4484,-20.9178,-20.9175
20655.54,-168.7910,-112.5701,-20.9178,-20.9176
20728.02,-168.9127,-112.6918,-20.9178,-20.9176
20800.77,-169.0343,-112.8135,-20.9178,-20.9176
20873.77,-169.1560,-112.9352,-20.9178,-20.9176
20947.02,-169.2777,-113.0569,-20.9178,-20.9176
21020.53,-169.3993,-113.1786,-20.9178,-20.9176
21094.30,-169.5210,-113.3003,-20.9178,-20.9176
21168.33,-169.6427,-113.4221,-20.9178,-20.9176
21242.62,-169.7643,-113.5438,-20.9178,-20.9176
21317.17,-169.8860,-113.6655,-20.9178,-20.9176
21391.98,-170.0076,-113.7872,-20.9178,-20.9176
21467.06,-170.1293,-113.9089,-20.9178,-20.9176
21542.39,-170.2510,-114.0306,-20.9178,-20.9176
21617.99,-170.3726,-114.1523,-20.9178,-20.9176
21693.86,-170.4943,-114.2740,-20.9178,-20.9176
21769.99,-170.6159,-114.3957,-20.9178,-20.9176
21846.39,-170.7376,-114.5174,-20.9178,-20.9176
21923.06,-170.8593,-114.6392,-20.9178,-20.9176
22000.00,-170.9809,-114.7609,-20.9178,-20.9176
